Player,Span,Mat,Inns,NO,Runs,HS,Ave,SR,100,50,0,Country
KJ Arnott,1987-1992,9,8,1,206,60,29.42,49.51,-,3,-,Zimbabwe
AM Blignaut,2003-2003,7,6,-,123,58,20.5,138.2,-,2,-,Zimbabwe
EA Brandes,1987-1999,16,12,4,120,23,15,73.61,-,-,1,Zimbabwe
GB Brent,2007-2007,2,2,-,12,9,6,57.14,-,-,-,Zimbabwe
RD Brown,1983-1987,7,7,-,110,38,15.71,32.93,-,-,-,Zimbabwe
MG Burmester,1992-1992,4,3,1,17,12,8.5,45.94,-,-,-,Zimbabwe
IP Butchart,1983-1992,17,14,2,240,54,20,66.48,-,1,2,Zimbabwe
ADR Campbell,1992-2003,19,18,1,281,75,16.52,53.21,-,1,3,Zimbabwe
SV Carlisle,1999-1999,6,5,1,62,27,15.5,58.49,-,-,-,Zimbabwe
RW Chakabva,2011-2015,9,9,-,114,35,12.66,55.6,-,-,2,Zimbabwe
TL Chatara,2015-2015,6,5,2,23,16,7.66,65.71,-,-,1,Zimbabwe
CJ Chibhabha,2007-2015,7,7,-,125,64,17.85,57.6,-,1,-,Zimbabwe
E Chigumbura,2007-2015,13,13,3,235,38,23.5,90.03,-,-,-,Zimbabwe
CK Coventry,2011-2011,3,3,-,18,14,6,50,-,-,1,Zimbabwe
AG Cremer,2011-2011,6,5,2,99,37,33,68.75,-,-,-,Zimbabwe
KM Curran,1983-1987,11,11,-,287,73,26.09,66.74,-,2,1,Zimbabwe
SG Davies,1996-1996,1,1,-,9,9,9,25.71,-,-,-,Zimbabwe
KG Duers,1992-1992,6,2,1,7,5,7,35,-,-,-,Zimbabwe
T Duffin,2007-2007,1,1,-,12,12,12,54.54,-,-,-,Zimbabwe
DD Ebrahim,2003-2003,7,5,-,79,32,15.8,64.22,-,-,1,Zimbabwe
CR Ervine,2011-2015,12,12,-,390,85,32.5,86.85,-,4,1,Zimbabwe
SM Ervine,2003-2003,3,2,1,43,31*,43,130.3,-,-,-,Zimbabwe
CN Evans,1996-1996,6,5,2,92,39*,30.66,82.14,-,-,-,Zimbabwe
DAG Fletcher,1983-1983,6,6,2,191,71*,47.75,66.08,-,2,-,Zimbabwe
A Flower,1992-2003,30,29,4,815,115*,32.6,68.2,1,4,2,Zimbabwe
GW Flower,1996-2003,21,20,2,512,78*,28.44,57.2,-,1,-,Zimbabwe
TJ Friend,2003-2003,1,1,-,21,21,21,105,-,-,-,Zimbabwe
MW Goodwin,1999-1999,8,8,-,201,57,25.12,63.8,-,1,-,Zimbabwe
JG Heron,1983-1983,6,6,-,50,18,8.33,30.67,-,-,1,Zimbabwe
VR Hogg,1983-1983,2,1,1,7,7*,-,36.84,-,-,-,Zimbabwe
DT Hondo,2003-2003,8,4,2,3,2,1.5,11.53,-,-,1,Zimbabwe
DL Houghton,1983-1992,20,19,-,567,142,29.84,63,1,4,3,Zimbabwe
AG Huckle,1999-1999,3,2,-,-,-,-,-,-,-,2,Zimbabwe
AJ Ireland,2007-2007,1,-,-,-,-,-,-,-,-,-,Zimbabwe
WR James,1992-1992,4,3,-,35,17,11.66,44.3,-,-,-,Zimbabwe
MP Jarvis,1987-1992,10,5,3,37,17,18.5,55.22,-,-,-,Zimbabwe
NC Johnson,1999-1999,8,8,1,367,132*,52.42,73.99,1,3,-,Zimbabwe
TP Kamungozi,2015-2015,3,2,2,6,6*,-,66.66,-,-,-,Zimbabwe
F Kasteni,2007-2007,2,2,-,9,9,4.5,37.5,-,-,1,Zimbabwe
GA Lamb,2011-2011,5,5,1,62,18,15.5,72.09,-,-,1,Zimbabwe
ACI Lock,1996-1996,6,3,2,8,5,8,40,-,-,-,Zimbabwe
DA Marillier,2003-2003,5,4,-,41,21,10.25,73.21,-,-,1,Zimbabwe
H Masakadza,2015-2015,6,6,-,122,80,20.33,75.77,-,1,-,Zimbabwe
SW Masakadza,2011-2011,1,-,-,-,-,-,-,-,-,-,Zimbabwe
S Matsikenyeri,2003-2015,5,5,2,127,73*,42.33,82.46,-,1,-,Zimbabwe
M Mbangwa,1999-1999,3,1,-,-,-,-,-,-,-,1,Zimbabwe
MA Meman,1987-1987,1,1,-,19,19,19,86.36,-,-,-,Zimbabwe
SF Mire,2015-2015,5,5,-,64,27,12.8,61.53,-,-,-,Zimbabwe
CB Mpofu,2007-2011,7,5,1,7,3*,1.75,22.58,-,-,1,Zimbabwe
T Mupariwa,2007-2015,5,4,1,19,18,6.33,135.71,-,-,2,Zimbabwe
BA Murphy,2003-2003,5,2,-,3,2,1.5,27.27,-,-,-,Zimbabwe
HK Olonga,1999-2003,9,6,4,16,5*,8,26.22,-,-,-,Zimbabwe
AH Omarshah,1983-1992,16,16,1,266,60*,17.73,45.47,-,1,2,Zimbabwe
T Panyangara,2011-2015,8,7,1,33,10,5.5,51.56,-,-,1,Zimbabwe
GA Paterson,1983-1987,10,10,-,123,27,12.3,37.61,-,-,1,Zimbabwe
SG Peall,1996-1996,5,2,-,9,9,4.5,50,-,-,1,Zimbabwe
GE Peckover,1983-1983,3,3,1,33,16*,16.5,61.11,-,-,-,Zimbabwe
RW Price,2011-2011,6,4,2,37,11,18.5,62.71,-,-,-,Zimbabwe
AJ Pycroft,1983-1992,20,19,2,295,61,17.35,52.67,-,2,2,Zimbabwe
EC Rainsford,2007-2007,1,1,-,1,1,1,100,-,-,-,Zimbabwe
PWE Rawson,1983-1987,10,8,3,80,24*,16,65.04,-,-,1,Zimbabwe
V Sibanda,2007-2011,5,5,-,134,67,26.8,82.2,-,2,1,Zimbabwe
Sikandar Raza,2015-2015,6,6,-,125,46,20.83,99.2,-,-,-,Zimbabwe
BC Strang,1996-1996,4,2,-,3,3,1.5,20,-,-,1,Zimbabwe
PA Strang,1996-1999,12,9,3,109,29,18.16,65.66,-,-,1,Zimbabwe
HH Streak,1996-2003,22,18,7,328,72*,29.81,73.37,-,1,1,Zimbabwe
T Taibu,2003-2011,14,12,2,306,98,30.6,69.07,-,3,-,Zimbabwe
BRM Taylor,2007-2015,15,15,-,690,138,46,88.68,2,3,1,Zimbabwe
AJ Traicos,1983-1992,20,12,5,70,19,10,51.47,-,-,1,Zimbabwe
P Utseya,2007-2011,9,8,2,128,36,21.33,65.3,-,-,-,Zimbabwe
MA Vermeulen,2003-2003,3,3,-,66,39,22,49.62,-,-,1,Zimbabwe
DP Viljoen,1999-1999,1,1,-,5,5,5,38.46,-,-,-,Zimbabwe
AC Waller,1987-1996,20,20,3,479,83*,28.17,72.13,-,2,1,Zimbabwe
AR Whittall,1999-1999,4,1,-,3,3,3,50,-,-,-,Zimbabwe
GJ Whittall,1996-2003,20,18,1,246,35,14.47,49.49,-,-,2,Zimbabwe
SC Williams,2007-2015,11,11,2,492,96,54.66,101.23,-,5,-,Zimbabwe
CB Wishart,2003-2003,8,7,1,293,172*,48.83,85.42,1,-,-,Zimbabwe
JC Adams,1996-1999,9,8,3,120,53*,24,49.18,-,1,1,West Indies
FA Allen,2019-2019,3,3,1,51,51,25.5,154.54,-,1,1,West Indies
SW Ambris,2019-2019,2,2,-,36,31,18,78.26,-,-,-,West Indies
CEL Ambrose,1992-1999,17,10,2,48,15*,6,53.93,-,-,-,West Indies
KLT Arthurton,1992-1999,14,13,1,241,58*,20.08,62.43,-,2,4,West Indies
SFAF Bacchus,1983-1983,8,5,1,157,80*,39.25,62.54,-,1,-,West Indies
EAE Baptiste,1987-1987,1,1,-,14,14,14,70,-,-,-,West Indies
WKM Benjamin,1987-1992,13,10,5,69,24*,13.8,85.18,-,-,2,West Indies
SJ Benn,2011-2015,9,7,2,26,9*,5.2,61.9,-,-,-,West Indies
CA Best,1987-1987,2,2,-,23,18,11.5,51.11,-,-,-,West Indies
D Bishoo,2011-2011,3,3,2,6,6*,6,40,-,-,1,West Indies
IR Bishop,1996-1996,6,4,1,35,17,11.66,36.84,-,-,-,West Indies
KD Boyce,1975-1975,5,2,-,41,34,20.5,95.34,-,-,-,West Indies
IDR Bradshaw,2007-2007,3,2,1,26,20,26,41.93,-,-,-,West Indies
CR Brathwaite,2019-2019,8,6,1,154,101,30.8,106.2,1,-,-,West Indies
DJ Bravo,2007-2011,10,9,2,169,40,24.14,86.66,-,-,-,West Indies
DM Bravo,2011-2019,12,11,2,207,73,23,70.64,-,1,4,West Indies
CO Browne,1996-1996,5,4,-,64,26,16,64.64,-,-,-,West Indies
HR Bryan,1999-1999,2,-,-,-,-,-,-,-,-,-,West Indies
SL Campbell,1996-1999,9,8,-,112,47,14,44.97,-,-,-,West Indies
JL Carter,2015-2015,5,4,1,113,50*,37.66,70.62,-,1,-,West Indies
S Chanderpaul,1996-2011,31,28,4,970,102*,40.41,62.13,1,7,-,West Indies
J Charles,2015-2015,2,2,-,58,55,29,126.08,-,1,-,West Indies
PT Collins,2003-2003,3,1,1,1,1*,-,100,-,-,-,West Indies
CD Collymore,2003-2007,8,6,4,22,12*,11,95.65,-,-,1,West Indies
SS Cottrell,2019-2019,9,5,1,33,15,8.25,70.21,-,-,1,West Indies
CEH Croft,1979-1979,4,1,1,-,0*,-,-,-,-,-,West Indies
CE Cuffy,1996-1996,1,1,-,1,1,1,12.5,-,-,-,West Indies
AC Cummins,1992-1992,6,2,1,11,6,11,32.35,-,-,-,West Indies
WW Daniel,1983-1983,3,1,1,16,16*,-,133.33,-,-,-,West Indies
WW Davis,1983-1983,5,1,1,-,0*,-,-,-,-,-,West Indies
M Dillon,1999-2003,10,5,-,28,10,5.6,54.9,-,-,1,West Indies
VC Drakes,2003-2003,6,4,2,42,25,21,60,-,-,1,West Indies
PJL Dujon,1983-1987,14,9,1,112,46,14,46.86,-,-,-,West Indies
KA Edwards,2011-2011,1,1,-,17,17,17,100,-,-,-,West Indies
RC Fredericks,1975-1975,5,5,-,116,58,23.2,64.08,-,1,-,West Indies
ST Gabriel,2019-2019,3,2,1,3,3*,3,30,-,-,1,West Indies
J Garner,1979-1983,8,5,3,52,37,26,65.82,-,-,1,West Indies
CH Gayle,2003-2019,35,34,1,1186,215,35.93,90.53,2,6,2,West Indies
LR Gibbs,1975-1975,1,-,-,-,-,-,-,-,-,-,West Indies
OD Gibson,1996-1996,3,2,-,7,6,3.5,100,-,-,-,West Indies
HA Gomes,1983-1983,8,7,3,258,78,64.5,55.96,-,3,-,West Indies
CG Greenidge,1975-1983,15,15,2,591,106*,45.46,59.15,2,4,-,West Indies
RA Harper,1987-1996,14,13,2,118,24,10.72,76.12,-,-,1,West Indies
DL Haynes,1979-1992,25,25,2,854,105,37.13,57.5,1,3,-,West Indies
SO Hetmyer,2019-2019,9,8,1,257,54,36.71,101.58,-,2,-,West Indies
WW Hinds,2003-2003,6,6,-,108,64,18,80.59,-,1,1,West Indies
JO Holder,2015-2019,16,11,1,325,57,32.5,110.54,-,3,1,West Indies
RIC Holder,1996-1996,2,2,-,5,5,2.5,41.66,-,-,1,West Indies
VA Holder,1975-1975,5,2,1,22,16,22,73.33,-,-,-,West Indies
MA Holding,1979-1983,11,5,-,36,20,7.2,61.01,-,-,1,West Indies
CL Hooper,1987-2003,20,18,4,261,63,18.64,70.73,-,1,2,West Indies
SD Hope,2019-2019,9,8,-,274,96,34.25,70.43,-,3,-,West Indies
RD Jacobs,1999-2003,11,8,4,270,80*,67.5,54,-,3,1,West Indies
BD Julien,1975-1975,5,3,2,48,26*,48,58.53,-,-,-,West Indies
AI Kallicharran,1975-1979,9,8,1,251,78,35.85,70.9,-,2,-,West Indies
RB Kanhai,1975-1975,5,4,2,109,55,54.5,55.05,-,1,-,West Indies
CL King,1979-1979,4,3,-,132,86,44,121.1,-,1,-,West Indies
RD King,1999-1999,4,1,-,1,1,1,3.33,-,-,-,West Indies
BC Lara,1992-2007,34,33,4,1225,116,42.24,86.26,2,7,1,West Indies
JJC Lawson,2003-2003,1,-,-,-,-,-,-,-,-,-,West Indies
E Lewis,2019-2019,5,5,-,131,70,26.2,81.36,-,2,1,West Indies
CH Lloyd,1975-1983,17,11,2,393,102,43.66,84.88,1,2,-,West Indies
AL Logie,1983-1992,15,13,2,282,65*,25.63,91.85,-,2,1,West Indies
NAM McLean,2003-2003,1,1,-,5,5,5,71.42,-,-,-,West Indies
MD Marshall,1983-1992,11,7,-,40,18,5.71,38.09,-,-,-,West Indies
NO Miller,2011-2015,4,2,2,16,11*,-,123.07,-,-,-,West Indies
DL Murray,1975-1979,9,5,2,122,61*,40.66,73.49,-,1,-,West Indies
AR Nurse,2019-2019,4,2,1,20,19*,20,76.92,-,-,-,West Indies
BP Patterson,1987-1992,7,2,2,4,4*,-,33.33,-,-,-,West Indies
KA Pollard,2007-2011,8,7,-,190,94,27.14,138.68,-,2,1,West Indies
N Pooran,2019-2019,9,8,1,367,118,52.42,100.27,1,2,-,West Indies
DBL Powell,2007-2007,9,6,2,56,48*,14,107.69,-,-,2,West Indies
RL Powell,1999-2003,7,6,1,117,50,23.4,130,-,1,-,West Indies
D Ramdin,2007-2015,16,12,2,191,52,19.1,77.95,-,2,2,West Indies
R Rampaul,2011-2011,2,2,-,1,1,0.5,11.11,-,-,1,West Indies
IVA Richards,1975-1987,23,21,5,1013,181,63.31,85.05,3,5,-,West Indies
RB Richardson,1987-1996,20,20,3,639,110,37.58,62.89,1,4,1,West Indies
KAJ Roach,2011-2019,13,7,3,47,16,11.75,44.33,-,-,1,West Indies
AME Roberts,1975-1983,16,8,3,85,37*,17,54.14,-,-,1,West Indies
AD Russell,2011-2019,14,12,2,192,49,19.2,134.26,-,-,3,West Indies
DJG Sammy,2011-2015,14,11,-,231,89,21,102.21,-,1,1,West Indies
MN Samuels,2003-2015,16,16,2,460,133*,32.85,76.66,1,2,1,West Indies
RR Sarwan,2003-2011,21,20,4,739,92,46.18,75.87,-,3,-,West Indies
LMP Simmons,2007-2015,8,6,1,187,102,37.4,94.92,1,1,1,West Indies
PV Simmons,1987-1999,13,11,-,336,110,30.54,74.66,1,2,1,West Indies
DR Smith,2007-2015,12,10,-,142,32,14.2,97.26,-,-,2,West Indies
DS Smith,2007-2011,10,10,-,399,107,39.9,74.44,1,3,-,West Indies
JE Taylor,2007-2015,14,7,1,74,15*,12.33,83.14,-,-,-,West Indies
DC Thomas,2011-2011,7,6,-,41,15,6.83,53.94,-,-,1,West Indies
O Thomas,2019-2019,9,6,4,13,6*,6.5,27.65,-,-,-,West Indies
CA Walsh,1987-1999,17,8,3,37,9*,7.4,75.51,-,-,1,West Indies
D Williams,1992-1992,8,6,2,52,32*,13,74.28,-,-,1,West Indies
SC Williams,1999-1999,4,3,1,17,14*,8.5,48.57,-,-,1,West Indies
Amjad Ali,2015-2015,6,6,-,96,45,16,51.89,-,-,-,United Arab Emirates
Amjad Javed,2015-2015,6,6,1,170,56,34,87.17,-,1,-,United Arab Emirates
Arshad Laeeq,1996-1996,4,4,1,66,43*,22,47.14,-,-,1,United Arab Emirates
Azhar Saeed,1996-1996,5,5,-,58,32,11.6,33.14,-,-,-,United Arab Emirates
AR Berenger,2015-2015,6,6,-,53,22,8.83,47.74,-,-,-,United Arab Emirates
SF Dukanwala,1996-1996,5,4,2,84,40*,42,60.43,-,-,-,United Arab Emirates
Fahad Alhashmi,2015-2015,1,-,-,-,-,-,-,-,-,-,United Arab Emirates
AM Guruge,2015-2015,4,3,3,14,10*,-,53.84,-,-,-,United Arab Emirates
Imtiaz Abbasi,1996-1996,5,4,3,4,2*,4,18.18,-,-,-,United Arab Emirates
Kamran Shazad,2015-2015,1,1,-,-,-,-,-,-,-,1,United Arab Emirates
Khurram Khan,2015-2015,6,6,-,155,45,25.83,73.11,-,-,-,United Arab Emirates
Krishna Chandran,2015-2015,5,5,-,38,34,7.6,34.23,-,-,3,United Arab Emirates
Mazhar Hussain,1996-1996,5,5,-,99,33,19.8,52.38,-,-,-,United Arab Emirates
V Mehra,1996-1996,4,4,1,44,29*,14.66,39.28,-,-,-,United Arab Emirates
Mohammad Aslam,1996-1996,4,4,-,38,23,9.5,52.05,-,-,-,United Arab Emirates
Mohammad Ishaq,1996-1996,3,3,1,71,51*,35.5,84.52,-,1,-,United Arab Emirates
Mohammad Naveed,2015-2015,6,6,2,73,23*,18.25,123.72,-,-,-,United Arab Emirates
Mohammad Tauqir,2015-2015,6,5,2,8,3,2.66,18.6,-,-,-,United Arab Emirates
G Mylvaganam,1996-1996,3,3,-,36,23,12,39.13,-,-,1,United Arab Emirates
Nasir Aziz,2015-2015,2,1,-,60,60,60,69.76,-,1,-,United Arab Emirates
SP Patil,2015-2015,6,6,1,140,57*,28,55.33,-,1,-,United Arab Emirates
Rohan Mustafa,2015-2015,4,4,-,8,4,2,27.58,-,-,1,United Arab Emirates
Saeed-al-Saffar,1996-1996,1,-,-,-,-,-,-,-,-,-,United Arab Emirates
Saleem Raza,1996-1996,4,4,-,137,84,34.25,100.73,-,1,-,United Arab Emirates
JA Samarasekera,1996-1996,5,4,1,90,47*,30,68.18,-,-,-,United Arab Emirates
Saqlain Haider,2015-2015,1,1,-,7,7,7,58.33,-,-,-,United Arab Emirates
Shehzad Altaf,1996-1996,2,-,-,-,-,-,-,-,-,-,United Arab Emirates
Shaiman Anwar,2015-2015,6,6,-,311,106,51.83,91.47,1,2,-,United Arab Emirates
Sultan Zarawani,1996-1996,5,4,-,16,13,4,44.44,-,-,1,United Arab Emirates
SD Anurasiri,1987-1992,11,5,2,21,11,7,53.84,-,-,1,Sri Lanka
RP Arnold,2003-2007,21,17,7,210,50,21,66.87,-,1,-,Sri Lanka
KIC Asalanka,2023-2023,9,8,-,288,108,36,85.2,1,1,-,Sri Lanka
MS Atapattu,1999-2003,15,15,3,521,124,43.41,79.29,2,3,1,Sri Lanka
HMCM Bandara,2007-2007,1,1,-,17,17,17,89.47,-,-,-,Sri Lanka
PVD Chameera,2015-2023,6,6,2,20,12*,5,37.73,-,-,1,Sri Lanka
UDU Chandana,1999-1999,2,2,-,9,9,4.5,39.13,-,-,1,Sri Lanka
LD Chandimal,2015-2015,3,1,1,52,52*,-,216.66,-,1,-,Sri Lanka
RG de Alwis,1983-1983,6,6,3,167,59*,55.66,105.03,-,2,-,Sri Lanka
ALF de Mel,1983-1987,9,7,-,66,27,9.42,65.34,-,-,2,Sri Lanka
DM de Silva,2019-2023,15,14,3,248,34,22.54,69.27,-,-,1,Sri Lanka
DLS de Silva,1979-1979,2,1,-,10,10,10,28.57,-,-,-,Sri Lanka
DS de Silva,1975-1983,11,10,1,148,35,16.44,49.66,-,-,-,Sri Lanka
GRA de Silva,1975-1979,2,2,1,2,2*,2,8.69,-,-,1,Sri Lanka
PA de Silva,1987-2003,35,32,3,1064,145,36.68,86.57,2,6,2,Sri Lanka
HDPK Dharmasena,1996-1996,6,1,-,9,9,9,45,-,-,-,Sri Lanka
RL Dias,1979-1987,10,10,1,310,80,34.44,57.72,-,3,-,Sri Lanka
TM Dilshan,2007-2015,27,25,4,1112,161*,52.95,92.97,4,4,2,Sri Lanka
N Pradeep,2019-2019,3,3,1,1,1*,0.5,8.33,-,-,2,Sri Lanka
CRD Fernando,2003-2007,16,7,4,33,13*,11,78.57,-,-,-,Sri Lanka
ER Fernando,1975-1975,3,3,-,47,22,15.66,71.21,-,-,-,Sri Lanka
WIA Fernando,2019-2019,4,4,-,203,104,50.75,105.72,1,-,-,Sri Lanka
PW Gunaratne,2003-2003,6,1,1,15,15*,-,100,-,-,-,Sri Lanka
FRMD Gunatilleke,1979-1979,1,-,-,-,-,-,-,-,-,-,Sri Lanka
DA Gunawardene,2003-2003,2,2,-,42,41,21,63.63,-,-,-,Sri Lanka
AP Gurusinha,1987-1996,18,17,-,488,87,28.7,61.85,-,3,1,Sri Lanka
UC Hathurusingha,1992-1992,4,3,-,26,16,8.66,41.26,-,-,-,Sri Lanka
MADI Hemantha,2023-2023,2,2,1,4,4*,4,100,-,-,1,Sri Lanka
HMRKB Herath,2011-2015,8,2,1,17,13,17,58.62,-,-,-,Sri Lanka
PD Heyn,1975-1975,2,2,-,3,2,1.5,15,-,-,-,Sri Lanka
SA Jayasinghe,1979-1979,2,1,-,1,1,1,33.33,-,-,-,Sri Lanka
ST Jayasuriya,1992-2007,38,37,3,1165,120,34.26,90.66,3,6,-,Sri Lanka
DPMD Jayawardene,1999-2015,40,34,3,1100,115*,35.48,85.93,4,5,3,Sri Lanka
S Jeganathan,1987-1987,3,3,1,24,20*,12,68.57,-,-,-,Sri Lanka
VB John,1983-1987,11,9,7,46,15,23,54.11,-,-,1,Sri Lanka
RS Kalpage,1992-1992,7,6,2,67,14,16.75,60.36,-,-,-,Sri Lanka
S Randiv,2011-2011,1,-,-,-,-,-,-,-,-,-,Sri Lanka
LWS Kaluperuma,1975-1975,3,2,2,19,13*,-,41.3,-,-,-,Sri Lanka
RS Kaluwitharana,1996-1999,11,11,1,163,57,16.3,91.57,-,1,2,Sri Lanka
CK Kapugedera,2011-2011,2,2,-,3,2,1.5,37.5,-,-,-,Sri Lanka
C Karunaratne,2023-2023,3,2,-,8,6,4,28.57,-,-,-,Sri Lanka
FDM Karunaratne,2015-2023,13,11,1,274,97,27.4,70.98,-,2,2,Sri Lanka
PHT Kaushal,2015-2015,1,1,-,-,-,-,-,-,-,1,Sri Lanka
KMDN Kulasekara,2007-2015,11,8,2,94,32,15.66,95.91,-,-,-,Sri Lanka
CBRLS Kumara,2023-2023,2,1,-,4,4,4,50,-,-,-,Sri Lanka
DSBP Kuruppu,1983-1987,11,11,-,251,72,22.81,49.9,-,2,1,Sri Lanka
GF Labrooy,1992-1992,1,1,-,19,19,19,55.88,-,-,-,Sri Lanka
RAS Lakmal,2015-2019,7,4,3,34,15*,34,68,-,-,-,Sri Lanka
RS Madugalle,1979-1987,11,10,-,193,60,19.3,55.14,-,1,1,Sri Lanka
D Madushanka,2023-2023,9,6,4,28,19,14,41.79,-,-,-,Sri Lanka
RS Mahanama,1987-1999,25,21,3,596,89,33.11,56.54,-,5,1,Sri Lanka
MF Maharoof,2007-2007,6,3,-,39,25,13,108.33,-,-,-,Sri Lanka
SL Malinga,2007-2019,29,13,2,33,10,3,55.93,-,-,1,Sri Lanka
AD Mathews,2011-2023,27,21,3,584,113,32.44,83.54,1,2,4,Sri Lanka
BAW Mendis,2011-2011,6,1,1,-,0*,-,-,-,-,-,Sri Lanka
BKG Mendis,2019-2023,16,16,-,437,122,27.31,92.78,1,1,1,Sri Lanka
BMAJ Mendis,2015-2019,5,5,1,32,18,8,44.44,-,-,1,Sri Lanka
LRD Mendis,1975-1987,16,16,2,412,64,29.42,69.71,-,3,1,Sri Lanka
J Mubarak,2003-2003,1,1,-,-,-,-,-,-,-,1,Sri Lanka
M Muralidaran,1996-2011,40,13,5,69,16,8.62,97.18,-,-,-,Sri Lanka
P Nissanka,2023-2023,9,9,1,332,77*,41.5,89.48,-,4,2,Sri Lanka
RAP Nissanka,2003-2003,4,2,-,2,2,1,7.4,-,-,1,Sri Lanka
ARM Opatha,1975-1979,5,3,-,29,18,9.66,52.72,-,-,1,Sri Lanka
SP Pasqual,1979-1979,2,2,1,24,23*,24,85.71,-,-,-,Sri Lanka
M Pathirana,2023-2023,2,2,1,6,5,6,31.57,-,-,-,Sri Lanka
MDKJ Perera,2015-2023,16,16,-,449,78,28.06,107.93,-,5,1,Sri Lanka
NLTC Perera,2011-2019,16,14,2,167,47*,13.91,121.01,-,-,1,Sri Lanka
HSM Pieris,1975-1975,3,3,1,19,16,9.5,32.2,-,-,-,Sri Lanka
S Prasanna,2015-2015,2,2,-,12,9,6,75,-,-,-,Sri Lanka
KR Pushpakumara,1996-1996,2,-,-,-,-,-,-,-,-,-,Sri Lanka
CAK Rajitha,2019-2023,8,4,-,52,33,13,91.22,-,-,1,Sri Lanka
CPH Ramanayake,1992-1992,8,6,2,25,12,6.25,38.46,-,-,-,Sri Lanka
AN Ranasinghe,1975-1975,3,3,1,23,14*,11.5,53.48,-,-,1,Sri Lanka
A Ranatunga,1983-1999,30,29,8,969,88*,46.14,80.95,-,7,3,Sri Lanka
RJ Ratnayake,1983-1987,9,8,2,81,20*,13.5,69.82,-,-,-,Sri Lanka
JR Ratnayeke,1987-1987,6,5,-,52,22,10.4,46.84,-,-,-,Sri Lanka
MAR Samarasekera,1983-1992,8,8,-,224,75,28,78.32,-,1,1,Sri Lanka
TT Samaraweera,2011-2011,9,7,4,110,34*,36.66,73.82,-,-,-,Sri Lanka
S Samarawickrama,2023-2023,9,9,2,373,108,53.28,102.19,1,2,1,Sri Lanka
KC Sangakkara,2003-2015,37,35,8,1532,124,56.74,86.55,5,7,1,Sri Lanka
SMSM Senanayake,2015-2015,1,1,-,7,7,7,87.5,-,-,-,Sri Lanka
MD Shanaka,2023-2023,2,2,-,80,68,40,100,-,1,-,Sri Lanka
LPC Silva,2007-2011,18,14,2,427,64,35.58,75.97,-,5,-,Sri Lanka
TAM Siriwardana,2019-2019,1,1,-,3,3,3,75,-,-,-,Sri Lanka
APB Tennekoon,1975-1979,4,4,-,137,59,34.25,66.18,-,1,1,Sri Lanka
WU Tharanga,2007-2015,21,21,2,697,133,36.68,75.51,2,4,1,Sri Lanka
M Theekshana,2023-2023,8,6,2,100,38*,25,54.05,-,-,2,Sri Lanka
HDRL Thirimanne,2015-2019,12,12,2,445,139*,44.5,85.74,1,3,1,Sri Lanka
HP Tillakaratne,1992-2003,24,19,5,386,81*,27.57,54.75,-,2,2,Sri Lanka
MH Tissera,1975-1975,3,3,-,78,52,26,53.06,-,1,-,Sri Lanka
I Udana,2019-2019,7,7,1,45,17,7.5,60,-,-,1,Sri Lanka
KEA Upashantha,1999-1999,3,2,-,16,11,8,38.09,-,-,-,Sri Lanka
WPUJC Vaas,1996-2007,31,18,8,219,29*,21.9,73.98,-,-,1,Sri Lanka
JDF Vandersay,2019-2019,1,-,-,-,-,-,-,-,-,-,Sri Lanka
B Warnapura,1975-1979,5,5,-,79,31,15.8,36.4,-,-,-,Sri Lanka
DN Wellalage,2023-2023,3,3,-,12,10,4,66.66,-,-,1,Sri Lanka
S Wettimuny,1983-1983,6,6,-,128,50,21.33,40.37,-,1,-,Sri Lanka
SRD Wettimuny,1975-1979,3,3,1,136,67,68,56.19,-,2,-,Sri Lanka
GP Wickramasinghe,1992-1999,17,8,6,53,21*,26.5,58.24,-,-,-,Sri Lanka
KIW Wijegunawardene,1992-1992,3,-,-,-,-,-,-,-,-,-,Sri Lanka
KJ Abbott,2015-2015,4,1,-,12,12,12,63.15,-,-,-,South Africa
PR Adams,1996-1996,2,1,-,10,10,10,71.42,-,-,-,South Africa
HM Amla,2011-2019,22,22,2,842,159,42.1,83.2,2,5,-,South Africa
T Bavuma,2023-2023,8,8,-,145,35,18.12,73.6,-,-,1,South Africa
F Behardien,2015-2015,4,2,2,74,64*,-,205.55,-,1,-,South Africa
N Boje,1999-2003,5,2,1,54,29,54,87.09,-,-,-,South Africa
T Bosch,1992-1992,1,-,-,-,-,-,-,-,-,-,South Africa
LE Bosman,2007-2007,1,-,-,-,-,-,-,-,-,-,South Africa
J Botha,2011-2011,5,4,1,58,23,19.33,98.3,-,-,-,South Africa
MV Boucher,1999-2007,25,19,5,381,75*,27.21,94.07,-,2,2,South Africa
G Coetzee,2023-2023,8,4,-,54,22,13.5,69.23,-,-,-,South Africa
WJ Cronje,1992-1999,23,20,4,476,78,29.75,80.54,-,2,2,South Africa
DJ Cullinan,1996-1999,15,15,3,471,69,39.25,67.67,-,3,1,South Africa
Q de Kock,2015-2023,27,27,2,1044,174,41.76,96.57,4,4,1,South Africa
AB de Villiers,2007-2015,23,22,3,1207,162*,63.52,117.29,4,6,4,South Africa
PS de Villiers,1996-1996,1,1,-,12,12,12,109.09,-,-,-,South Africa
HH Dippenaar,2003-2003,6,3,-,108,80,36,68.35,-,1,-,South Africa
AA Donald,1992-2003,25,5,2,13,7,4.33,32.5,-,-,1,South Africa
JP Duminy,2011-2019,18,16,3,458,115*,35.23,99.34,1,1,1,South Africa
F du Plessis,2011-2019,23,21,5,926,109,57.87,86.54,2,7,-,South Africa
S Elworthy,1999-1999,8,3,-,25,23,8.33,53.19,-,-,-,South Africa
HH Gibbs,1999-2007,25,23,4,1067,143,56.15,87.38,2,8,1,South Africa
AJ Hall,2003-2007,12,5,2,50,22*,16.66,102.04,-,-,1,South Africa
BE Hendricks,2019-2019,2,-,-,-,-,-,-,-,-,-,South Africa
RR Hendricks,2023-2023,2,2,-,97,85,48.5,103.19,-,1,-,South Africa
O Henry,1992-1992,1,1,-,11,11,11,84.61,-,-,-,South Africa
AC Hudson,1992-1996,12,12,-,571,161,47.58,77.37,1,4,-,South Africa
Imran Tahir,2011-2019,22,8,4,20,10*,5,58.82,-,-,3,South Africa
CA Ingram,2011-2011,1,1,-,46,46,46,106.97,-,-,-,South Africa
M Jansen,2023-2023,9,8,3,157,75*,31.4,110.56,-,1,1,South Africa
JH Kallis,1996-2011,36,32,7,1148,128*,45.92,74.4,1,9,2,South Africa
JM Kemp,2007-2007,8,5,2,74,49*,24.66,49.66,-,-,-,South Africa
G Kirsten,1996-2003,21,21,4,806,188*,47.41,75.46,1,5,2,South Africa
PN Kirsten,1992-1992,8,8,2,410,90,68.33,66.55,-,4,-,South Africa
H Klaasen,2023-2023,10,10,1,373,109,41.44,133.21,1,1,-,South Africa
L Klusener,1999-2003,14,11,8,372,57,124,121.17,-,3,-,South Africa
AP Kuiper,1992-1992,9,8,1,113,36,16.14,71.51,-,-,-,South Africa
CK Langeveldt,2003-2007,9,4,1,16,9,5.33,28.07,-,-,1,South Africa
BM McMillan,1992-1996,15,9,4,145,33*,29,75.52,-,-,-,South Africa
KA Maharaj,2023-2023,10,6,3,59,40,19.66,73.75,-,-,-,South Africa
AK Markram,2019-2023,18,16,1,546,106,36.4,98.91,1,3,-,South Africa
CR Matthews,1996-1996,6,2,2,17,9*,-,68,-,-,-,South Africa
DA Miller,2015-2023,24,21,4,816,138*,48,113.33,2,1,1,South Africa
M Morkel,2011-2015,14,4,1,12,6*,4,36.36,-,-,-,South Africa
CH Morris,2019-2019,8,4,1,74,42,24.66,121.31,-,-,-,South Africa
A Nel,2007-2007,6,2,-,9,8,4.5,19.56,-,-,-,South Africa
L Ngidi,2019-2023,12,5,2,18,7*,6,34.61,-,-,1,South Africa
M Ntini,2003-2007,13,5,-,29,14,5.8,103.57,-,-,2,South Africa
SJ Palframan,1996-1996,6,3,-,45,28,15,70.31,-,-,-,South Africa
WD Parnell,2011-2015,2,2,1,17,17*,17,58.62,-,-,1,South Africa
RJ Peterson,2003-2011,10,7,5,55,22*,27.5,103.77,-,-,1,South Africa
AL Phehlukwayo,2019-2023,10,8,4,172,46*,43,89.11,-,-,1,South Africa
VD Philander,2015-2015,4,2,1,10,10*,10,125,-,-,1,South Africa
SM Pollock,1996-2007,31,20,4,279,52,17.43,75.6,-,1,1,South Africa
D Pretorius,2019-2019,3,2,-,3,2,1.5,50,-,-,-,South Africa
AG Prince,2007-2007,9,6,1,107,47*,21.4,78.67,-,-,1,South Africa
MW Pringle,1992-1992,7,1,1,5,5*,-,83.33,-,-,-,South Africa
K Rabada,2019-2023,18,8,3,83,31*,16.6,72.17,-,-,-,South Africa
JN Rhodes,1992-2003,24,20,3,354,43,20.82,87.84,-,-,1,South Africa
DJ Richardson,1992-1992,9,5,2,66,28,22,66.66,-,-,1,South Africa
RR Rossouw,2015-2015,6,5,1,210,61*,52.5,116.66,-,2,-,South Africa
MW Rushmere,1992-1992,3,3,-,49,35,16.33,47.57,-,-,-,South Africa
T Shamsi,2019-2023,6,3,3,9,4*,-,60,-,-,-,South Africa
GC Smith,2003-2011,20,20,1,747,91,39.31,86.35,-,6,-,South Africa
RP Snell,1992-1992,9,4,2,24,11*,12,120,-,-,-,South Africa
DW Steyn,2011-2015,14,4,-,45,20,11.25,61.64,-,-,-,South Africa
PL Symcox,1996-1996,4,2,-,25,24,12.5,104.16,-,-,-,South Africa
LL Tsotsobe,2011-2011,1,1,1,4,4*,-,200,-,-,-,South Africa
HE van der Dussen,2019-2023,19,16,2,759,133,54.21,86.84,2,5,-,South Africa
MN van Wyk,2011-2011,5,5,1,65,42,16.25,73.86,-,-,-,South Africa
KC Wessels,1992-1992,9,9,2,313,85,44.71,53.68,-,3,-,South Africa
LB Williams,2023-2023,1,-,-,-,-,-,-,-,-,-,South Africa
M Zondeki,2003-2003,3,1,1,1,1*,-,100,-,-,-,South Africa
MJD Allingham,1999-1999,3,3,-,11,6,3.66,11.45,-,-,-,Scotland
Asim Butt,1999-1999,5,4,-,23,11,5.75,82.14,-,-,-,Scotland
RD Berrington,2015-2015,6,6,-,139,50,23.16,75.95,-,1,-,Scotland
JAR Blain,1999-2007,8,7,2,56,23,11.2,49.55,-,-,2,Scotland
JE Brinkley,1999-1999,5,5,-,52,23,10.4,44.06,-,-,1,Scotland
DR Brown,2007-2007,3,3,1,64,45*,32,62.74,-,-,1,Scotland
KJ Coetzer,2015-2015,6,6,-,253,156,42.16,89.71,1,1,2,Scotland
FRJ Coleman,2015-2015,3,3,-,77,70,25.66,79.38,-,1,1,Scotland
MH Cross,2015-2015,6,6,-,88,23,14.66,73.33,-,-,-,Scotland
JH Davey,2015-2015,6,6,2,55,26,13.75,62.5,-,-,-,Scotland
AG Davies,1999-1999,5,5,1,83,32,20.75,53.89,-,-,1,Scotland
NR Dyer,1999-1999,5,4,3,3,2*,3,21.42,-,-,1,Scotland
AC Evans,2015-2015,4,4,2,38,28,19,66.66,-,-,-,Scotland
HJW Gardiner,2015-2015,3,3,-,24,19,8,45.28,-,-,1,Scotland
GM Hamilton,1999-2007,8,8,1,228,76,32.57,63.33,-,2,-,Scotland
RM Haq,2007-2015,7,7,-,82,31,11.71,54.66,-,-,1,Scotland
PJC Hoffmann,2007-2007,3,3,1,25,18,12.5,131.57,-,-,-,Scotland
MA Leask,2015-2015,2,2,1,25,23*,25,138.88,-,-,-,Scotland
NFI McCallum,2007-2007,2,2,-,25,24,12.5,39.06,-,-,-,Scotland
MW Machan,2015-2015,6,6,-,186,56,31,80.86,-,1,-,Scotland
CS MacLeod,2015-2015,6,6,-,48,22,8,76.19,-,-,2,Scotland
PL Mommsen,2015-2015,6,6,-,148,60,24.66,76.28,-,1,2,Scotland
JD Nel,2007-2007,1,-,-,-,-,-,-,-,-,-,Scotland
BMW Patterson,1999-1999,3,3,-,10,10,3.33,23.25,-,-,2,Scotland
IL Philip,1999-1999,3,3,-,20,17,6.66,22.47,-,-,1,Scotland
NS Poonia,2007-2007,2,2,-,1,1,0.5,16.66,-,-,1,Scotland
GA Rogers,2007-2007,3,2,-,32,26,16,65.3,-,-,-,Scotland
G Salmond,1999-1999,5,5,-,57,31,11.4,52.29,-,-,-,Scotland
CJO Smith,2007-2007,3,3,-,85,51,28.33,65.89,-,1,-,Scotland
MJ Smith,1999-1999,5,5,-,19,13,3.8,22.35,-,-,-,Scotland
IM Stanger,1999-1999,4,4,-,47,27,11.75,32.63,-,-,-,Scotland
RML Taylor,2015-2015,3,3,-,7,4,2.33,38.88,-,-,1,Scotland
I Wardlaw,2015-2015,5,4,2,1,1*,0.5,20,-,-,2,Scotland
RR Watson,2007-2007,3,3,-,53,31,17.66,49.53,-,-,-,Scotland
DF Watts,2007-2007,2,2,-,33,24,16.5,47.82,-,-,-,Scotland
JG Williamson,1999-1999,2,2,-,11,10,5.5,31.42,-,-,-,Scotland
CM Wright,2007-2007,2,2,-,5,4,2.5,17.85,-,-,-,Scotland
Aamer Sohail,1992-1996,16,16,-,598,114,37.37,70.6,2,4,1,Pakistan
Aaqib Javed,1992-1996,15,3,3,8,6*,-,18.6,-,-,-,Pakistan
Abdullah Shafique,2023-2023,8,8,-,336,113,42,93.33,1,3,1,Pakistan
Abdul Qadir,1983-1987,13,9,7,118,41*,59,79.72,-,-,1,Pakistan
Abdul Razzaq,1999-2011,22,19,2,373,62,21.94,56.09,-,2,1,Pakistan
Abdur Rehman,2011-2011,5,2,1,6,5*,6,46.15,-,-,-,Pakistan
Agha Salman,2023-2023,3,1,-,51,51,51,113.33,-,1,-,Pakistan
Ahmed Shehzad,2011-2015,12,12,-,271,93,22.58,67.07,-,2,1,Pakistan
Asad Shafiq,2011-2011,4,3,1,154,78*,77,70.96,-,1,-,Pakistan
Asif Ali,2019-2019,2,2,-,19,14,9.5,100,-,-,-,Pakistan
Asif Iqbal,1975-1979,5,4,-,182,61,45.5,65.94,-,3,-,Pakistan
Asif Masood,1975-1975,3,1,-,6,6,6,85.71,-,-,-,Pakistan
Ata-ur-Rehman,1996-1996,1,1,-,-,-,-,-,-,-,1,Pakistan
Azhar Mahmood,1999-2007,12,9,1,118,37,14.75,61.13,-,-,-,Pakistan
Babar Azam,2019-2023,17,17,2,794,101*,52.93,85.74,1,7,-,Pakistan
Danish Kaneria,2007-2007,2,2,2,6,6*,-,150,-,-,-,Pakistan
Ehsan Adil,2015-2015,2,1,-,15,15,15,68.18,-,-,-,Pakistan
Fakhar Zaman,2019-2023,12,12,1,406,126*,36.9,100,1,2,2,Pakistan
Haris Rauf,2023-2023,9,5,2,53,35,17.66,117.77,-,-,-,Pakistan
Haris Sohail,2015-2019,11,11,-,375,89,34.09,82.59,-,3,1,Pakistan
Haroon Rasheed,1979-1979,4,4,1,69,37*,23,51.11,-,-,-,Pakistan
Hasan Ali,2019-2023,10,6,1,63,32,12.6,121.15,-,-,1,Pakistan
Iftikhar Ahmed,2023-2023,9,8,2,142,40,23.66,115.44,-,-,-,Pakistan
Iftikhar Anjum,2007-2007,3,3,1,51,32,25.5,66.23,-,-,-,Pakistan
Ijaz Ahmed,1987-1999,29,26,4,516,70,23.45,71.96,-,4,5,Pakistan
Ijaz Faqih,1983-1983,6,5,1,61,42*,15.25,54.46,-,-,1,Pakistan
Imad Wasim,2019-2019,6,5,2,162,49*,54,118.24,-,-,-,Pakistan
Imam-ul-Haq,2019-2023,14,14,-,467,100,33.35,80.51,1,2,-,Pakistan
Imran Khan,1975-1992,28,24,5,666,102*,35.05,65.68,1,4,2,Pakistan
Imran Nazir,2007-2007,3,3,-,190,160,63.33,108.57,1,-,-,Pakistan
Inzamam-ul-Haq,1992-2007,35,33,3,717,81,23.9,74.6,-,4,4,Pakistan
Iqbal Sikander,1992-1992,4,1,1,1,1*,-,33.33,-,-,-,Pakistan
Javed Miandad,1975-1996,33,30,5,1083,103,43.32,68.02,1,8,2,Pakistan
Kamran Akmal,2007-2011,11,10,1,249,55,27.66,70.73,-,1,1,Pakistan
Majid Khan,1975-1979,7,7,-,359,84,51.28,68.51,-,5,-,Pakistan
Mansoor Akhtar,1983-1987,8,8,-,108,33,13.5,43.72,-,-,-,Pakistan
Manzoor Elahi,1987-1987,1,1,1,4,4*,-,66.66,-,-,-,Pakistan
Misbah-ul-Haq,2011-2015,15,13,1,598,83*,49.83,74.56,-,7,1,Pakistan
Mohammad Amir,2019-2019,8,3,1,11,8,5.5,78.57,-,-,1,Pakistan
Mohammad Hafeez,2007-2019,18,18,1,483,84,28.41,82.7,-,2,-,Pakistan
Mohammad Irfan,2015-2015,5,3,3,4,2*,-,21.05,-,-,-,Pakistan
Mohammad Nawaz,2023-2023,5,4,-,81,39,20.25,83.5,-,-,-,Pakistan
Mohammad Rizwan,2023-2023,9,8,2,395,131*,65.83,95.41,1,1,-,Pakistan
Mohammad Sami,2003-2007,3,2,-,17,12,8.5,38.63,-,-,-,Pakistan
Mohammad Wasim,2023-2023,4,2,1,23,16*,23,100,-,-,-,Pakistan
Mohammad Yousuf,1999-2007,13,13,1,386,81*,32.16,70.3,-,2,1,Pakistan
Mohsin Khan,1983-1983,7,7,-,223,82,31.85,44.15,-,2,1,Pakistan
Moin Khan,1992-1999,20,14,4,286,63,28.6,106.31,-,1,-,Pakistan
Mudassar Nazar,1979-1987,12,10,1,149,40,16.55,41.27,-,-,2,Pakistan
Mushtaq Ahmed,1992-1996,15,5,1,27,17,6.75,46.55,-,-,1,Pakistan
Mushtaq Mohammad,1975-1975,3,3,-,89,55,29.66,54.26,-,1,-,Pakistan
Naseer Malik,1975-1975,3,1,1,-,0*,-,-,-,-,-,Pakistan
Nasir Jamshed,2015-2015,3,3,-,5,4,1.66,21.73,-,-,1,Pakistan
Naved-ul-Hasan,2007-2007,1,1,-,11,11,11,37.93,-,-,-,Pakistan
Pervez Mir,1975-1975,2,2,1,8,4*,8,50,-,-,-,Pakistan
Rahat Ali,2015-2015,5,2,1,7,6*,7,25.92,-,-,-,Pakistan
Ramiz Raja,1987-1996,16,16,3,700,119*,53.84,64.1,3,2,-,Pakistan
Rashid Khan,1983-1983,7,1,-,9,9,9,42.85,-,-,-,Pakistan
Rashid Latif,1996-2003,12,7,1,148,36,24.66,111.27,-,-,2,Pakistan
Sadiq Mohammad,1975-1979,7,7,1,189,74,31.5,53.69,-,2,-,Pakistan
Saeed Ajmal,2011-2011,3,2,1,1,1*,1,10,-,-,1,Pakistan
Saeed Anwar,1996-2003,21,21,4,915,113*,53.82,79.08,3,3,-,Pakistan
Saleem Elahi,2003-2003,4,4,-,102,63,25.5,68,-,1,-,Pakistan
Saleem Jaffar,1987-1987,5,3,2,9,8*,9,42.85,-,-,1,Pakistan
Saleem Malik,1987-1999,27,23,5,591,100,32.83,82.65,1,4,2,Pakistan
Saleem Yousuf,1987-1987,7,6,3,112,56,37.33,123.07,-,1,-,Pakistan
Saqlain Mushtaq,1996-2003,14,10,6,56,21,14,46.28,-,-,2,Pakistan
Sarfaraz Ahmed,2015-2019,11,11,4,303,101*,43.28,85.83,1,1,-,Pakistan
Sarfraz Nawaz,1975-1983,11,8,1,65,17,9.28,73.86,-,-,1,Pakistan
Saud Shakeel,2023-2023,9,7,-,241,68,34.42,97.96,-,2,-,Pakistan
Shadab Khan,2019-2023,13,11,3,164,43,20.5,103.14,-,-,1,Pakistan
Shaheen Shah Afridi,2019-2023,14,8,5,56,25,18.66,84.84,-,-,-,Pakistan
Shahid Afridi,1999-2015,27,24,1,325,37,14.13,112.45,-,-,1,Pakistan
Shahid Mahboob,1983-1983,5,3,-,100,77,33.33,59.88,-,1,-,Pakistan
Shoaib Akhtar,1999-2011,19,9,7,76,43,38,111.76,-,-,1,Pakistan
Shoaib Malik,2007-2019,6,6,-,100,62,16.66,81.96,-,1,2,Pakistan
Shoaib Mohammad,1987-1987,1,1,-,-,-,-,-,-,-,1,Pakistan
Sikander Bakht,1979-1979,4,2,1,3,2,3,13.04,-,-,-,Pakistan
Sohaib Maqsood,2015-2015,7,6,-,153,50,25.5,86.93,-,1,1,Pakistan
Sohail Khan,2015-2015,7,5,1,21,7,5.25,50,-,-,-,Pakistan
Tahir Naqqash,1983-1983,1,1,1,-,0*,-,-,-,-,-,Pakistan
Taufeeq Umar,2003-2003,3,3,-,91,48,30.33,62.32,-,-,-,Pakistan
Tauseef Ahmed,1987-1987,6,2,-,1,1,0.5,25,-,-,1,Pakistan
Umar Akmal,2011-2015,14,13,2,404,71,36.72,84.16,-,2,1,Pakistan
Umar Gul,2007-2011,11,6,2,49,34*,12.25,94.23,-,-,1,Pakistan
Usama Mir,2023-2023,4,1,-,-,-,-,-,-,-,1,Pakistan
Wahab Riaz,2011-2019,20,14,3,179,54*,16.27,104.67,-,1,2,Pakistan
Wajahatullah Wasti,1999-1999,5,5,-,151,84,30.2,56.76,-,1,-,Pakistan
Waqar Younis,1996-2003,13,6,1,32,11,6.4,50,-,-,-,Pakistan
Wasim Akram,1987-2003,38,30,8,426,43,19.36,101.18,-,-,3,Pakistan
Wasim Bari,1975-1983,14,8,4,87,34,21.75,52.4,-,-,-,Pakistan
Wasim Haider,1992-1992,3,2,-,26,13,13,37.14,-,-,-,Pakistan
Wasim Raja,1975-1983,8,8,-,154,58,19.25,75.86,-,1,1,Pakistan
Yasir Shah,2015-2015,1,1,-,13,13,13,56.52,-,-,-,Pakistan
Younis Khan,2003-2015,19,18,2,349,72,21.81,70.79,-,2,3,Pakistan
Zaheer Abbas,1975-1983,14,14,2,597,103*,49.75,78.34,1,4,2,Pakistan
Zahid Fazal,1992-1992,2,2,-,13,11,6.5,26,-,-,-,Pakistan
AR Adams,2003-2003,7,5,1,90,36,22.5,118.42,-,-,1,New Zealand
GI Allott,1999-1999,9,1,1,-,0*,-,-,-,-,-,New Zealand
CJ Anderson,2015-2015,9,8,1,231,75,33,108.45,-,2,1,New Zealand
NJ Astle,1996-2003,22,22,2,403,102*,20.15,70.45,2,1,5,New Zealand
HK Bennett,2011-2011,4,2,1,-,0*,-,-,-,-,1,New Zealand
SE Bond,2003-2007,16,5,3,7,3,3.5,28,-,-,-,New Zealand
SL Boock,1987-1987,4,3,2,19,12,19,118.75,-,-,-,New Zealand
TA Boult,2015-2023,29,10,8,31,10*,15.5,65.95,-,-,-,New Zealand
JG Bracewell,1983-1987,7,7,2,80,34,16,84.21,-,-,-,New Zealand
CE Bulfin,1999-1999,1,-,-,-,-,-,-,-,-,-,New Zealand
MG Burgess,1979-1979,4,2,-,45,35,22.5,72.58,-,-,-,New Zealand
BL Cairns,1975-1983,11,9,-,43,14,4.77,84.31,-,-,1,New Zealand
CL Cairns,1992-2003,28,24,7,565,60,33.23,82.6,-,3,1,New Zealand
MS Chapman,2023-2023,8,6,1,84,39,16.8,118.3,-,-,-,New Zealand
EJ Chatfield,1979-1987,13,8,7,45,19*,45,44.11,-,-,1,New Zealand
RO Collinge,1975-1975,4,2,-,8,6,4,80,-,-,-,New Zealand
JV Coney,1979-1983,10,8,2,244,66*,40.66,54.83,-,2,-,New Zealand
DP Conway,2023-2023,10,10,1,372,152*,41.33,101.63,1,-,1,New Zealand
JJ Crowe,1983-1987,8,8,1,220,88*,31.42,77.19,-,1,-,New Zealand
MD Crowe,1983-1992,21,21,5,880,100*,55,83.57,1,8,1,New Zealand
C de Grandhomme,2019-2019,10,8,-,190,64,23.75,100.52,-,2,1,New Zealand
BA Edgar,1979-1983,8,8,1,194,84*,27.71,43.49,-,1,-,New Zealand
GD Elliott,2015-2015,9,8,1,310,84*,44.28,105.44,-,2,1,New Zealand
LH Ferguson,2019-2023,16,5,2,11,6,3.66,73.33,-,-,1,New Zealand
SP Fleming,1996-2007,33,33,3,1075,134*,35.83,76.89,2,5,2,New Zealand
JEC Franklin,2007-2011,15,9,5,147,34*,36.75,106.52,-,-,1,New Zealand
PG Fulton,2007-2007,8,8,-,297,83,37.12,70.04,-,2,1,New Zealand
LK Germon,1996-1996,6,6,3,191,89,63.66,84.88,-,1,-,New Zealand
MR Gillespie,2007-2007,2,1,-,2,2,2,25,-,-,-,New Zealand
MJ Greatbatch,1992-1992,7,7,-,313,73,44.71,87.92,-,3,-,New Zealand
MJ Guptill,2011-2019,27,27,4,995,237*,43.26,88.36,2,4,2,New Zealand
BG Hadlee,1975-1975,1,1,-,19,19,19,24.67,-,-,-,New Zealand
DR Hadlee,1975-1975,4,3,1,28,20,14,47.45,-,-,1,New Zealand
Sir RJ Hadlee,1975-1983,13,10,1,149,42,16.55,61.06,-,-,1,New Zealand
CZ Harris,1992-2003,28,20,5,431,130,28.73,68.84,1,-,-,New Zealand
MN Hart,1999-1999,1,1,-,-,-,-,-,-,-,1,New Zealand
BF Hastings,1975-1975,4,4,1,76,34,25.33,54.67,-,-,-,New Zealand
MJ Henry,2015-2023,18,10,3,37,10*,5.28,68.51,-,-,2,New Zealand
MJ Horne,1999-1999,8,8,-,199,74,24.87,56.21,-,1,-,New Zealand
PA Horne,1987-1987,1,1,-,18,18,18,51.42,-,-,-,New Zealand
JM How,2011-2011,2,2,-,26,22,13,34.21,-,-,-,New Zealand
GP Howarth,1975-1983,11,11,1,374,76,37.4,65.72,-,4,-,New Zealand
HJ Howarth,1975-1975,4,2,1,1,1*,1,12.5,-,-,1,New Zealand
AH Jones,1987-1992,13,13,2,416,78,37.81,61.81,-,4,1,New Zealand
RJ Kennedy,1996-1996,3,1,-,2,2,2,66.66,-,-,-,New Zealand
GR Larsen,1992-1999,19,6,3,76,37,25.33,59.37,-,-,-,New Zealand
RT Latham,1992-1992,7,7,-,136,60,19.42,62.38,-,1,-,New Zealand
TWM Latham,2019-2023,20,17,3,310,68,22.14,80.31,-,3,2,New Zealand
WK Lees,1979-1983,8,6,1,88,26,17.6,80,-,-,-,New Zealand
MJ McClenaghan,2015-2015,1,-,-,-,-,-,-,-,-,-,New Zealand
BB McCullum,2003-2015,34,27,5,742,101,33.72,120.84,1,6,2,New Zealand
NL McCullum,2011-2011,8,6,-,100,52,16.66,76.92,-,1,-,New Zealand
AJ McKay,2011-2011,1,1,-,-,-,-,-,-,-,1,New Zealand
BJ McKechnie,1975-1979,8,4,2,45,27,22.5,40.17,-,-,-,New Zealand
CD McMillan,1999-2007,25,24,2,506,75,23,70.37,-,2,1,New Zealand
HJH Marshall,2007-2007,3,3,1,81,50*,40.5,82.65,-,1,-,New Zealand
MJ Mason,2007-2007,5,1,-,-,-,-,-,-,-,1,New Zealand
KD Mills,2003-2011,4,1,1,7,7*,-,233.33,-,-,-,New Zealand
AF Milne,2015-2015,6,2,1,1,1*,1,20,-,-,1,New Zealand
DJ Mitchell,2023-2023,10,9,1,552,134,69,111.06,2,2,-,New Zealand
DK Morrison,1987-1996,11,4,3,27,12,27,50.94,-,-,-,New Zealand
JFM Morrison,1975-1979,6,5,-,102,55,20.4,45.73,-,1,-,New Zealand
C Munro,2019-2019,6,6,1,125,58*,25,97.65,-,1,1,New Zealand
DJ Nash,1996-1999,13,6,3,50,21*,16.66,51.02,-,-,-,New Zealand
JDS Neesham,2019-2023,13,10,1,290,97*,32.22,85.04,-,2,1,New Zealand
HM Nicholls,2019-2019,4,4,-,91,55,22.75,61.07,-,1,1,New Zealand
JDP Oram,2003-2011,23,14,3,259,63*,23.54,71.94,-,1,1,New Zealand
JM Parker,1975-1975,4,4,-,71,66,17.75,75.53,-,1,-,New Zealand
AC Parore,1996-1999,14,11,2,206,55,22.88,85.12,-,1,2,New Zealand
DN Patel,1987-1996,17,11,2,97,40,10.77,74.61,-,-,1,New Zealand
JS Patel,2007-2007,6,2,1,34,34,34,87.17,-,-,-,New Zealand
GD Phillips,2023-2023,10,9,2,285,71,40.71,111.76,-,2,-,New Zealand
R Ravindra,2023-2023,10,10,1,578,123*,64.22,106.44,3,2,-,New Zealand
L Ronchi,2015-2015,9,7,1,73,29*,12.16,117.74,-,-,1,New Zealand
KR Rutherford,1987-1992,14,12,2,416,75,41.6,70.86,-,4,-,New Zealand
JD Ryder,2011-2011,7,5,-,184,83,36.8,69.43,-,1,-,New Zealand
MJ Santner,2019-2023,20,15,8,175,36*,25,97.22,-,-,-,New Zealand
MS Sinclair,2003-2003,1,-,-,-,-,-,-,-,-,-,New Zealand
IDS Smith,1983-1992,17,13,3,138,29,13.8,132.69,-,-,1,New Zealand
MC Snedden,1983-1987,9,8,-,218,64,27.25,63,-,1,-,New Zealand
IS Sodhi,2019-2023,2,1,-,5,5,5,125,-,-,-,New Zealand
TG Southee,2011-2023,22,9,2,60,12*,8.57,78.94,-,-,2,New Zealand
CM Spearman,1996-1996,6,6,-,191,78,31.83,100,-,2,-,New Zealand
LW Stott,1979-1979,1,-,-,-,-,-,-,-,-,-,New Zealand
SB Styris,2003-2011,26,22,5,909,141,53.47,88.59,2,6,1,New Zealand
LRPL Taylor,2007-2019,33,30,3,1002,131*,37.11,74,1,6,2,New Zealand
SA Thomson,1996-1996,5,5,2,101,31*,33.66,68.7,-,-,-,New Zealand
GB Troup,1979-1979,3,1,1,3,3*,-,100,-,-,-,New Zealand
DR Tuffey,2003-2007,3,2,-,15,11,7.5,93.75,-,-,-,New Zealand
GM Turner,1975-1983,14,14,4,612,171*,61.2,64.01,2,2,-,New Zealand
RG Twose,1996-1999,15,15,5,493,92,49.3,74.35,-,4,1,New Zealand
DL Vettori,2003-2015,32,17,6,167,44,15.18,83.91,-,-,1,New Zealand
L Vincent,2003-2007,7,6,-,118,101,19.66,72.83,1,-,2,New Zealand
KJ Wadsworth,1975-1975,4,4,-,68,25,17,75.55,-,-,-,New Zealand
W Watson,1987-1992,14,5,4,29,12*,29,55.76,-,-,-,New Zealand
KS Williamson,2011-2023,27,26,7,1167,148,61.42,81.21,2,6,-,New Zealand
LJ Woodcock,2011-2011,1,1,1,3,3*,-,100,-,-,-,New Zealand
JG Wright,1979-1992,18,18,-,493,69,27.38,57.19,-,3,2,New Zealand
WA Young,2023-2023,6,6,-,206,70,34.33,83.73,-,2,1,New Zealand
CN Ackermann,2023-2023,9,9,-,216,69,24,82.12,-,1,1,Netherlands
Adeel Raja,2003-2011,6,5,2,10,8*,3.33,29.41,-,-,2,Netherlands
GJAF Aponso,1996-1996,5,4,-,120,58,30,48.58,-,1,-,Netherlands
PJ Bakker,1996-1996,5,1,1,1,1*,-,25,-,-,-,Netherlands
W Barresi,2011-2023,10,10,-,236,44,23.6,68.6,-,-,1,Netherlands
PW Borren,2007-2011,9,8,1,199,84,28.42,92.12,-,1,-,Netherlands
Mudassar Bukhari,2011-2011,6,6,1,68,24,13.6,75.55,-,-,1,Netherlands
AF Buurman,2011-2011,2,2,-,26,26,13,81.25,-,-,1,Netherlands
PE Cantrell,1996-1996,5,5,-,160,47,32,52.11,-,-,-,Netherlands
NE Clarke,1996-1996,5,5,-,50,32,10,44.64,-,-,2,Netherlands
TLW Cooper,2011-2011,6,6,1,174,55*,34.8,67.18,-,1,-,Netherlands
TN de Grooth,2011-2011,5,5,-,50,28,10,56.81,-,-,-,Netherlands
BFW de Leede,2023-2023,9,9,-,139,67,15.44,69.84,-,1,-,Netherlands
TBM de Leede,1996-2007,14,13,1,223,58*,18.58,59.15,-,1,3,Netherlands
A Dutt,2023-2023,9,9,3,70,23*,11.66,80.45,-,-,-,Netherlands
SA Edwards,2023-2023,9,9,2,259,78*,37,86.91,-,2,2,Netherlands
SA Engelbrecht,2023-2023,8,8,-,300,70,37.5,66.66,-,2,-,Netherlands
JJ Esmeijer,2003-2003,4,3,1,3,3*,1.5,15.78,-,-,2,Netherlands
EL Gouka,1996-1996,3,2,1,19,19,19,52.77,-,-,-,Netherlands
F Jansen,1996-1996,2,-,-,-,-,-,-,-,-,-,Netherlands
MBS Jonkman,2007-2007,2,1,-,-,-,-,-,-,-,1,Netherlands
AN Kervezee,2007-2011,8,8,-,98,18,12.25,54.44,-,-,1,Netherlands
R Klein,2023-2023,1,1,-,8,8,8,53.33,-,-,-,Netherlands
JF Kloppenburg,2003-2003,5,5,-,158,121,31.6,65.02,1,-,1,Netherlands
BP Kruger,2011-2011,1,1,-,8,8,8,66.66,-,-,-,Netherlands
RP Lefebvre,1996-2003,9,9,3,135,45,22.5,68.52,-,-,-,Netherlands
BP Loots,2011-2011,4,3,1,6,6,3,75,-,-,1,Netherlands
SW Lubbers,1996-1996,4,4,1,24,9,8,64.86,-,-,-,Netherlands
Mohammad Kashif,2007-2007,1,-,-,-,-,-,-,-,-,-,Netherlands
HJC Mol,2003-2003,4,3,-,38,23,12.66,40.42,-,-,-,Netherlands
AT Nidamanuru,2023-2023,7,7,1,164,54,27.33,98.2,-,1,-,Netherlands
MP O'Dowd,2023-2023,9,9,-,138,42,15.33,69,-,-,1,Netherlands
DJ Reekers,2007-2007,3,3,-,38,25,12.66,115.15,-,-,-,Netherlands
Saqib Zulfiqar,2023-2023,2,2,-,13,10,6.5,39.39,-,-,-,Netherlands
MMC Schewe,1996-1996,5,4,1,49,20,16.33,72.05,-,-,-,Netherlands
E Schiferli,2003-2003,6,6,-,75,22,12.5,67.56,-,-,-,Netherlands
RH Scholte,2003-2003,3,3,-,16,8,5.33,28.57,-,-,-,Netherlands
PM Seelaar,2011-2011,6,5,2,3,2*,1,17.64,-,-,2,Netherlands
Shariz Ahmad,2023-2023,1,1,-,6,6,6,75,-,-,-,Netherlands
J Smits,2003-2007,9,6,2,61,26,15.25,40.66,-,-,1,Netherlands
NA Statham,2003-2003,2,2,-,7,7,3.5,15.9,-,-,1,Netherlands
WF Stelling,2007-2007,2,1,1,1,1*,-,25,-,-,-,Netherlands
ES Szwarczynski,2007-2011,5,5,-,81,28,16.2,53.64,-,-,-,Netherlands
RN ten Doeschate,2007-2011,9,9,2,435,119,62.14,88.41,2,3,-,Netherlands
LV van Beek,2023-2023,8,8,2,140,59,23.33,78.21,-,1,1,Netherlands
DLS van Bunge,2003-2007,9,7,-,173,62,24.71,58.84,-,1,-,Netherlands
RE van der Merwe,2023-2023,8,8,-,68,29,8.5,80,-,-,2,Netherlands
PA van Meekeren,2023-2023,9,8,2,26,7,4.33,48.14,-,-,2,Netherlands
KJJ van Noortwijk,1996-2003,9,9,2,322,134*,46,75.23,1,1,1,Netherlands
RF van Oosterom,1996-1996,2,2,2,7,5*,-,36.84,-,-,-,Netherlands
LP van Troost,2003-2007,8,8,1,101,26,14.42,67.78,-,-,1,Netherlands
Vikramjit Singh,2023-2023,6,6,-,98,52,16.33,65.33,-,1,-,Netherlands
BA Westdijk,2011-2011,3,2,-,-,-,-,-,-,-,2,Netherlands
B Zuiderent,1996-2011,18,18,2,196,54,12.25,49.62,-,1,2,Netherlands
AJ Burger,2003-2003,6,6,-,199,85,33.16,100.5,-,1,-,Namibia
LJ Burger,2003-2003,6,6,1,11,5,2.2,17.74,-,-,2,Namibia
SF Burger,2003-2003,2,2,-,11,6,5.5,55,-,-,-,Namibia
M Karg,2003-2003,3,2,-,45,41,22.5,69.23,-,-,-,Namibia
D Keulder,2003-2003,6,6,-,132,52,22,60,-,1,1,Namibia
BL Kotze,2003-2003,5,4,1,27,24*,9,52.94,-,-,2,Namibia
DB Kotze,2003-2003,6,6,1,82,27,16.4,60.74,-,-,-,Namibia
JL Louw,2003-2003,1,-,-,-,-,-,-,-,-,-,Namibia
GB Murgatroyd,2003-2003,6,6,-,90,52,15,62.06,-,1,2,Namibia
G Snyman,2003-2003,5,4,-,5,5,1.25,55.55,-,-,3,Namibia
SJ Swanepoel,2003-2003,5,5,-,43,23,8.6,45.74,-,-,-,Namibia
BO van Rooi,2003-2003,3,3,2,26,17,26,68.42,-,-,-,Namibia
M van Schoor,2003-2003,5,5,1,58,24,14.5,52.25,-,-,-,Namibia
RJ van Vuuren,2003-2003,5,5,2,26,14,8.66,68.42,-,-,2,Namibia
R Walters,2003-2003,2,2,-,-,-,-,-,-,-,2,Namibia
RW Ali,1996-1996,6,2,2,6,6*,-,31.57,-,-,-,Kenya
JO Angara,1999-2003,4,2,1,6,6,6,85.71,-,-,-,Kenya
DN Chudasama,1996-1999,7,6,-,106,34,17.66,59.55,-,-,-,Kenya
SK Gupta,1999-1999,2,2,-,1,1,0.5,12.5,-,-,1,Kenya
IT Iqbal,1996-1996,3,2,-,17,16,8.5,32.69,-,-,-,Kenya
JK Kamande,1999-2011,10,7,1,56,22,9.33,45.52,-,-,-,Kenya
AY Karim,1996-2003,15,10,4,79,22,13.16,53.37,-,-,1,Kenya
T Mishra,2007-2011,8,8,1,170,72,24.28,65.13,-,2,2,Kenya
HS Modi,1996-2003,18,14,1,195,41,15,40.2,-,-,1,Kenya
JO Ngoche,2011-2011,3,2,1,10,9,10,41.66,-,-,-,Kenya
SO Ngoche,2011-2011,3,3,-,-,-,-,-,-,-,3,Kenya
AA Obanda,2011-2011,3,3,-,43,23,14.33,66.15,-,-,-,Kenya
CO Obuya,2003-2011,18,15,2,362,98*,27.84,68.56,-,2,1,Kenya
DO Obuya,2003-2011,10,10,1,81,51,9,42.85,-,1,2,Kenya
NN Odhiambo,2007-2011,7,5,2,56,44*,18.66,71.79,-,-,2,Kenya
TM Odoyo,1996-2011,25,23,4,463,51,24.36,68.08,-,1,3,Kenya
EO Odumbe,1996-1996,6,5,1,54,20,13.5,41.53,-,-,-,Kenya
MO Odumbe,1996-2003,19,18,3,452,82,30.13,73.13,-,3,2,Kenya
PJ Ongondo,2003-2011,14,12,1,97,24,8.81,71.32,-,-,2,Kenya
LN Onyango,1996-2007,3,3,-,39,23,13,73.58,-,-,-,Kenya
E Otieno,2011-2011,6,5,1,13,8,3.25,35.13,-,-,2,Kenya
KO Otieno,1996-2003,20,19,-,427,85,22.47,52.2,-,4,3,Kenya
MA Ouma,2007-2011,8,8,-,97,58,12.12,44.09,-,1,1,Kenya
BJ Patel,2003-2003,6,5,-,56,32,11.2,48.27,-,-,1,Kenya
RR Patel,2011-2011,4,4,1,46,24,15.33,63.01,-,-,1,Kenya
RD Shah,1999-2007,17,17,-,500,71,29.41,60.97,-,4,1,Kenya
M Sheikh,1999-1999,2,2,-,15,8,7.5,46.87,-,-,-,Kenya
AO Suji,1999-2007,9,5,1,28,14,7,51.85,-,-,-,Kenya
MA Suji,1996-2003,20,13,7,68,15*,11.33,54.83,-,-,3,Kenya
LO Tikolo,1996-1996,3,2,2,36,25*,-,48,-,-,-,Kenya
SO Tikolo,1996-2011,28,27,1,768,96,29.53,68.08,-,8,1,Kenya
AV Vadher,1999-1999,5,5,2,141,73*,47,57.78,-,2,-,Kenya
HA Varaiya,2007-2007,3,2,2,5,4*,-,21.73,-,-,-,Kenya
SR Waters,2011-2011,4,4,-,38,17,9.5,42.22,-,-,-,Kenya
A Balbirnie,2015-2015,6,6,-,236,97,39.33,90.76,-,2,-,Ireland
AC Botha,2007-2011,9,9,1,84,28,10.5,48.27,-,-,3,Ireland
JP Bray,2007-2007,9,9,1,212,115*,26.5,62.72,1,-,2,Ireland
KED Carroll,2007-2007,1,1,-,-,-,-,-,-,-,1,Ireland
AR Cusack,2011-2015,9,8,3,99,47,19.8,77.95,-,-,-,Ireland
GH Dockrell,2011-2015,12,9,3,96,25,16,69.56,-,-,-,Ireland
PG Gillespie,2007-2007,1,1,-,2,2,2,25,-,-,-,Ireland
DT Johnston,2007-2011,13,12,3,171,30,19,90,-,-,1,Ireland
EC Joyce,2011-2015,12,12,-,422,112,35.16,82.1,1,2,1,Ireland
D Langford-Smith,2007-2007,9,8,4,67,18,16.75,93.05,-,-,-,Ireland
AR McBrine,2015-2015,3,1,1,2,2*,-,50,-,-,-,Ireland
WK McCallan,2007-2007,9,8,1,33,20*,4.71,44,-,-,4,Ireland
JF Mooney,2007-2015,14,13,3,132,33*,13.2,66,-,-,2,Ireland
PJK Mooney,2007-2007,1,1,-,-,-,-,-,-,-,1,Ireland
EJG Morgan,2007-2007,9,9,-,91,28,10.11,50.83,-,-,2,Ireland
KJ O'Brien,2007-2015,20,20,2,499,113,27.72,90.39,1,1,1,Ireland
NJ O'Brien,2007-2015,21,21,2,620,79*,32.63,74.96,-,5,1,Ireland
WTS Porterfield,2007-2015,21,21,-,627,107,29.85,59.26,1,4,3,Ireland
WB Rankin,2007-2011,15,8,6,24,7*,12,34.28,-,-,1,Ireland
MC Sorensen,2015-2015,3,1,-,22,22,22,115.78,-,-,-,Ireland
PR Stirling,2011-2015,12,12,-,316,101,26.33,110.1,1,1,1,Ireland
SR Thompson,2015-2015,2,2,-,14,12,7,82.35,-,-,-,Ireland
AR White,2007-2011,10,10,-,143,38,14.3,68.09,-,-,1,Ireland
GC Wilson,2011-2015,10,10,-,263,80,26.3,93.59,-,2,1,Ireland
S Abid Ali,1975-1975,3,1,-,70,70,70,71.42,-,1,-,India
AB Agarkar,1999-2007,6,3,-,11,10,3.66,34.37,-,-,1,India
M Amarnath,1975-1983,14,12,-,254,80,21.16,46.6,-,1,-,India
PK Amre,1992-1992,4,3,1,27,22,13.5,67.5,-,-,-,India
SA Ankola,1996-1996,1,-,-,-,-,-,-,-,-,-,India
R Ashwin,2011-2023,11,6,5,40,16*,40,65.57,-,-,-,India
KBJ Azad,1983-1983,3,2,-,15,15,7.5,71.42,-,-,1,India
M Azharuddin,1987-1999,30,25,4,826,93,39.33,77.48,-,8,2,India
ST Banerjee,1992-1992,2,2,1,36,25*,36,144,-,-,-,India
BS Bedi,1975-1979,5,4,1,25,13,8.33,47.16,-,-,-,India
RMH Binny,1983-1987,9,7,-,73,27,10.42,52.51,-,-,2,India
JJ Bumrah,2019-2023,20,6,4,19,16,9.5,63.33,-,-,-,India
YS Chahal,2019-2019,8,1,-,5,5,5,100,-,-,-,India
PP Chawla,2011-2011,3,1,-,2,2,2,50,-,-,-,India
N Chopra,1999-1999,1,-,-,-,-,-,-,-,-,-,India
S Dhawan,2015-2019,10,10,-,537,137,53.7,94.21,3,1,-,India
MS Dhoni,2007-2019,29,25,7,780,91*,43.33,89.96,-,5,2,India
R Dravid,1999-2007,22,21,7,860,145,61.42,74.97,2,6,-,India
FM Engineer,1975-1975,3,2,1,78,54*,78,60.46,-,1,-,India
AD Gaekwad,1975-1979,6,5,-,113,37,22.6,53.8,-,-,-,India
G Gambhir,2011-2011,9,9,-,393,97,43.66,85.06,-,4,-,India
SC Ganguly,1999-2007,21,21,3,1006,183,55.88,77.5,4,3,1,India
SM Gavaskar,1975-1987,19,19,3,561,103*,35.06,57.36,1,4,1,India
KD Ghavri,1975-1979,4,3,-,35,20,11.66,62.5,-,-,-,India
Harbhajan Singh,2003-2011,21,12,3,93,28,10.33,82.3,-,-,2,India
Ishan Kishan,2023-2023,2,2,-,47,47,23.5,97.91,-,-,1,India
SS Iyer,2023-2023,11,11,3,530,128*,66.25,113.24,2,3,1,India
A Jadeja,1992-1999,21,18,3,522,100*,34.8,71.8,1,2,1,India
RA Jadeja,2015-2023,21,11,3,254,77,31.75,107.62,-,1,-,India
KM Jadhav,2019-2019,6,5,3,80,52,40,80.8,-,1,-,India
M Kaif,2003-2003,11,10,1,182,68*,20.22,57.59,-,1,1,India
VG Kambli,1992-1996,12,11,3,205,106,25.62,72.18,1,-,1,India
N Kapil Dev,1979-1992,26,24,6,669,175*,37.16,115.14,1,1,-,India
AR Kapoor,1996-1996,2,1,-,-,-,-,-,-,-,1,India
KD Karthik,2019-2019,3,2,-,14,8,7,41.17,-,-,-,India
Z Khan,2003-2011,23,11,2,52,15*,5.77,74.28,-,-,3,India
SC Khanna,1979-1979,3,3,-,17,10,5.66,37.77,-,-,1,India
SMH Kirmani,1983-1983,8,6,1,61,24*,12.2,41.78,-,-,1,India
V Kohli,2011-2023,37,37,7,1795,117,59.83,88.2,5,12,1,India
Kuldeep Yadav,2019-2023,18,4,3,20,10,20,60.6,-,-,-,India
B Kumar,2015-2019,7,2,-,2,2,1,50,-,-,1,India
A Kumble,1996-2007,18,8,4,62,17,15.5,70.45,-,-,-,India
S Madan Lal,1975-1983,11,7,3,122,27,30.5,60.69,-,-,-,India
Maninder Singh,1987-1987,7,2,1,4,4,4,80,-,-,-,India
SV Manjrekar,1992-1996,11,11,-,295,62,26.81,66.89,-,1,1,India
Mohammed Shami,2015-2023,18,10,4,20,6,3.33,57.14,-,-,1,India
Mohammed Siraj,2023-2023,11,1,1,9,9*,-,112.5,-,-,-,India
DS Mohanty,1999-1999,6,1,-,-,-,-,-,-,-,1,India
D Mongia,2003-2003,11,6,-,120,42,20,57.41,-,-,-,India
NR Mongia,1996-1999,14,12,6,115,28,19.16,80.98,-,-,-,India
KS More,1987-1992,14,10,5,100,42*,20,116.27,-,-,1,India
A Nehra,2003-2011,12,3,1,9,8*,4.5,100,-,-,1,India
CS Pandit,1987-1987,2,1,-,24,24,24,80,-,-,-,India
HH Pandya,2019-2023,13,10,3,237,48,33.85,113.39,-,-,1,India
RR Pant,2019-2019,4,4,-,116,48,29,89.23,-,-,-,India
BP Patel,1975-1979,6,5,1,88,38,22,45.12,-,-,-,India
MM Patel,2007-2011,11,6,2,26,15,6.5,74.28,-,-,1,India
YK Pathan,2011-2011,6,6,1,74,30*,14.8,115.62,-,-,1,India
SM Patil,1983-1983,8,8,1,216,51*,30.85,90,-,2,1,India
M Prabhakar,1987-1996,19,11,2,45,11*,5,34.09,-,-,1,India
BKV Prasad,1996-1999,14,5,2,4,2*,1.33,26.66,-,-,2,India
AM Rahane,2015-2015,8,7,1,208,79,34.66,82.53,-,1,1,India
KL Rahul,2019-2023,20,19,5,813,111,58.07,84.33,2,4,1,India
SK Raina,2011-2015,12,9,3,358,110*,59.66,107.5,1,2,-,India
SLV Raju,1992-1996,11,3,1,4,3*,2,80,-,-,1,India
S Ramesh,1999-1999,5,5,-,144,55,28.8,65.75,-,1,-,India
BS Sandhu,1983-1983,8,4,2,28,11*,14,45.16,-,-,1,India
V Sehwag,2003-2011,22,22,-,843,175,38.31,106.17,2,3,1,India
V Shankar,2019-2019,3,3,1,58,29,29,77.33,-,-,-,India
C Sharma,1987-1987,4,1,-,-,-,-,-,-,-,1,India
MM Sharma,2015-2015,8,1,-,-,-,-,-,-,-,1,India
RG Sharma,2015-2023,28,28,2,1575,140,60.57,105.49,7,6,2,India
RJ Shastri,1983-1992,14,11,1,185,57,18.5,54.09,-,1,-,India
Shubman Gill,2023-2023,9,9,1,354,92,44.25,106.94,-,4,-,India
NS Sidhu,1987-1996,12,10,-,454,93,45.4,78.81,-,6,-,India
RR Singh,1999-1999,6,6,1,157,75,31.4,80.51,-,1,1,India
L Sivaramakrishnan,1987-1987,2,-,-,-,-,-,-,-,-,-,India
ED Solkar,1975-1975,3,2,-,21,13,10.5,47.72,-,-,-,India
S Sreesanth,2011-2011,2,-,-,-,-,-,-,-,-,-,India
K Srikkanth,1983-1992,23,23,1,521,75,23.68,68.37,-,2,4,India
J Srinath,1992-2003,34,18,9,85,18,9.44,106.25,-,-,3,India
SR Tendulkar,1992-2011,45,44,4,2278,152,56.95,88.98,6,15,2,India
SN Thakur,2023-2023,3,-,-,-,-,-,-,-,-,-,India
RV Uthappa,2007-2007,3,3,-,30,18,10,62.5,-,-,-,India
DB Vengsarkar,1979-1987,11,10,3,252,63,36,75.9,-,1,1,India
S Venkataraghavan,1975-1979,6,4,3,49,26*,49,49.49,-,-,-,India
GR Viswanath,1975-1979,6,5,-,145,75,29,52.91,-,1,-,India
SA Yadav,2023-2023,7,7,1,106,49,17.66,100.95,-,-,-,India
UT Yadav,2015-2015,8,1,-,-,-,-,-,-,-,1,India
Yashpal Sharma,1983-1983,8,8,1,240,89,34.28,64,-,2,-,India
Yuvraj Singh,2003-2011,23,21,7,738,113,52.71,90.33,1,7,2,India
MM Ali,2015-2023,16,16,1,362,128,24.13,96.27,1,-,-,England
PJW Allott,1983-1983,7,3,1,8,8,4,53.33,-,-,1,England
DL Amiss,1975-1975,4,4,-,243,137,60.75,84.37,1,1,-,England
JM Anderson,2003-2015,25,10,5,15,8,3,35.71,-,-,3,England
JC Archer,2019-2019,11,7,3,13,7*,3.25,59.09,-,-,1,England
GG Arnold,1975-1975,3,1,1,18,18*,-,60,-,-,-,England
MA Atherton,1996-1996,6,6,-,119,66,19.83,68,-,1,1,England
CWJ Athey,1987-1987,6,6,2,211,86,52.75,64.92,-,2,-,England
AAP Atkinson,2023-2023,3,3,1,37,35,18.5,160.86,-,-,1,England
ID Austin,1999-1999,2,-,-,-,-,-,-,-,-,-,England
JM Bairstow,2019-2023,20,20,-,747,111,37.35,91.54,2,4,3,England
GS Ballance,2015-2015,4,4,-,36,10,9,50.7,-,-,-,England
IR Bell,2007-2015,21,21,1,718,81,35.9,72.16,-,6,1,England
ID Blackwell,2003-2003,2,2,1,38,22*,38,126.66,-,-,-,England
RS Bopara,2007-2015,14,12,3,306,60,34,71.66,-,2,1,England
IT Botham,1979-1992,22,18,2,297,53,18.56,62.39,-,1,2,England
G Boycott,1979-1979,5,5,1,92,57,23,42.99,-,1,-,England
JM Brearley,1979-1979,5,5,-,161,64,32.2,39.85,-,2,2,England
TT Bresnan,2011-2011,7,5,1,41,20*,10.25,82,-,-,-,England
BC Broad,1987-1987,3,3,-,67,36,22.33,44.66,-,-,-,England
SCJ Broad,2007-2015,10,6,2,18,9,4.5,64.28,-,-,2,England
HC Brook,2023-2023,6,6,-,169,66,28.16,112.66,-,1,-,England
JC Buttler,2015-2023,26,23,1,591,103,26.86,118.2,1,3,-,England
AR Caddick,2003-2003,5,4,3,25,13*,25,43.85,-,-,-,England
PD Collingwood,2003-2011,18,18,6,474,90,39.5,78.47,-,3,-,England
DG Cork,1996-1996,5,3,-,36,19,12,78.26,-,-,1,England
NG Cowans,1983-1983,1,-,-,-,-,-,-,-,-,-,England
RDB Croft,1999-1999,2,1,-,12,12,12,48,-,-,-,England
SM Curran,2023-2023,3,3,-,35,14,11.66,61.4,-,-,-,England
JWM Dalrymple,2007-2007,3,3,-,6,3,2,27.27,-,-,-,England
PAJ DeFreitas,1987-1996,22,13,3,184,67,18.4,98.92,-,1,1,England
MH Denness,1975-1975,4,4,2,113,37*,56.5,75.83,-,-,-,England
GR Dilley,1983-1983,6,4,2,90,31*,45,120,-,-,-,England
PR Downton,1987-1987,8,5,1,19,9,4.75,59.37,-,-,1,England
MA Ealham,1999-1999,5,2,-,5,5,2.5,25,-,-,1,England
PH Edmonds,1979-1979,3,2,1,7,5*,7,22.58,-,-,-,England
JE Emburey,1987-1987,8,7,2,96,30*,19.2,109.09,-,-,-,England
NH Fairbrother,1992-1999,19,15,5,430,75*,43,63.6,-,3,-,England
ST Finn,2015-2015,4,3,1,2,1*,1,13.33,-,-,1,England
KWR Fletcher,1975-1975,4,3,-,207,131,69,69.23,1,1,-,England
A Flintoff,1999-2007,18,14,-,263,64,18.78,67.95,-,1,3,England
NA Foster,1987-1987,7,4,3,42,20*,42,113.51,-,-,-,England
G Fowler,1983-1983,7,7,2,360,81*,72,62.82,-,4,-,England
ARC Fraser,1999-1999,3,2,1,18,15*,18,51.42,-,-,-,England
MW Gatting,1983-1987,15,13,2,437,60,39.72,87.05,-,3,-,England
AF Giles,2003-2003,2,2,-,19,17,9.5,63.33,-,-,-,England
GA Gooch,1979-1992,21,21,1,897,115,44.85,63.25,1,8,1,England
D Gough,1996-1999,11,6,2,95,26*,23.75,73.64,-,-,-,England
IJ Gould,1983-1983,7,4,1,66,35,22,64.7,-,-,-,England
DI Gower,1979-1983,12,11,3,434,130,54.25,82.35,1,1,1,England
AW Greig,1975-1975,4,4,-,29,9,7.25,42.02,-,-,-,England
AD Hales,2015-2015,2,2,-,64,37,32,95.52,-,-,-,England
FC Hayes,1975-1975,3,3,-,90,52,30,66.17,-,1,-,England
EE Hemmings,1987-1987,6,1,1,4,4*,-,133.33,-,-,-,England
M Hendrick,1979-1979,5,2,1,1,1*,1,16.66,-,-,1,England
GA Hick,1992-1999,20,19,4,635,104*,42.33,74,1,6,2,England
AJ Hollioake,1999-1999,3,1,-,6,6,6,46.15,-,-,-,England
N Hussain,1999-2003,9,8,2,218,88*,36.33,58.6,-,2,-,England
RK Illingworth,1992-1996,10,5,3,31,14,15.5,83.78,-,-,-,England
RC Irani,2003-2003,2,2,-,12,12,6,133.33,-,-,1,England
JA Jameson,1975-1975,2,2,-,32,21,16,43.83,-,-,-,England
CJ Jordan,2015-2015,2,1,-,-,-,-,-,-,-,1,England
EC Joyce,2007-2007,5,5,-,152,75,30.4,68.77,-,2,1,England
NV Knight,2003-2003,5,5,-,103,51,20.6,76.86,-,1,-,England
APE Knott,1975-1975,4,2,1,18,18*,18,75,-,-,1,England
AJ Lamb,1983-1992,19,17,4,656,102,50.46,84.1,1,3,-,England
W Larkins,1979-1979,2,2,-,7,7,3.5,18.42,-,-,1,England
P Lever,1975-1975,4,1,-,5,5,5,38.46,-,-,-,England
CC Lewis,1992-1992,9,6,2,81,33,20.25,155.76,-,-,2,England
LS Livingstone,2023-2023,6,6,-,60,27,10,63.82,-,-,1,England
SI Mahmood,2007-2007,6,4,2,2,2*,1,40,-,-,2,England
DJ Malan,2023-2023,9,9,-,404,140,44.88,101,1,2,-,England
VJ Marks,1983-1983,7,3,-,18,8,6,47.36,-,-,-,England
PJ Martin,1996-1996,5,4,2,6,3,3,40,-,-,-,England
G Miller,1979-1979,1,-,-,-,-,-,-,-,-,-,England
EJG Morgan,2011-2019,20,18,1,581,148,34.17,94.77,1,3,2,England
AD Mullally,1999-1999,5,2,1,1,1*,1,12.5,-,-,1,England
PA Nixon,2007-2007,9,8,3,193,42*,38.6,99.48,-,-,-,England
CM Old,1975-1979,9,7,2,91,51*,18.2,119.73,-,1,3,England
MS Panesar,2007-2007,8,2,1,3,2,3,10,-,-,-,England
KP Pietersen,2007-2011,13,13,1,575,104,47.91,84.06,2,4,-,England
LE Plunkett,2007-2019,10,7,5,93,29*,46.5,119.23,-,-,-,England
DR Pringle,1987-1992,11,7,2,50,18*,10,66.66,-,-,-,England
MJ Prior,2011-2011,7,6,1,78,22*,15.6,84.78,-,-,-,England
DW Randall,1979-1979,5,5,1,64,42*,16,70.32,-,-,-,England
AU Rashid,2019-2023,20,14,4,137,25,13.7,106.2,-,-,1,England
DA Reeve,1992-1996,11,7,3,117,35,29.25,86.66,-,-,-,England
RT Robinson,1987-1987,7,7,-,142,55,20.28,55.9,-,1,1,England
JE Root,2015-2023,26,25,2,1034,121,44.95,88.15,3,6,1,England
JJ Roy,2019-2019,8,7,-,443,153,63.28,115.36,1,4,-,England
RC Russell,1996-1996,6,4,-,27,12,6.75,41.53,-,-,-,England
A Shahzad,2011-2011,2,2,1,7,6*,7,140,-,-,-,England
GC Small,1987-1992,13,4,1,8,5,2.66,34.78,-,-,2,England
NMK Smith,1996-1996,3,3,1,69,31,34.5,78.4,-,-,-,England
RA Smith,1992-1996,10,10,2,293,91,36.62,62.87,-,2,1,England
JA Snow,1975-1975,3,1,-,2,2,2,14.28,-,-,-,England
AJ Stewart,1992-2003,25,22,1,606,88,28.85,61.52,-,4,2,England
BA Stokes,2019-2023,17,16,3,769,108,59.15,91.54,1,7,1,England
AJ Strauss,2007-2011,11,11,-,417,158,37.9,86.33,1,1,1,England
GP Swann,2011-2011,7,6,2,60,16,15,117.64,-,-,1,England
CJ Tavare,1983-1983,7,7,-,212,58,30.28,49.07,-,1,-,England
RW Taylor,1979-1979,5,3,1,32,20*,16,37.64,-,-,1,England
JWA Taylor,2015-2015,6,6,2,149,98*,37.25,88.69,-,1,1,England
GP Thorpe,1996-1999,11,10,3,379,89,54.14,73.73,-,3,-,England
RJW Topley,2023-2023,3,2,2,16,15*,-,177.77,-,-,-,England
JC Tredwell,2011-2015,3,1,-,9,9,9,45,-,-,-,England
CT Tremlett,2011-2011,2,1,-,3,3,3,42.85,-,-,-,England
ME Trescothick,2003-2003,5,5,-,116,58,23.2,77.33,-,1,-,England
IJL Trott,2011-2011,7,7,-,422,92,60.28,80.84,-,5,-,England
PCR Tufnell,1992-1992,4,2,2,3,3*,-,60,-,-,-,England
DL Underwood,1975-1975,2,-,-,-,-,-,-,-,-,-,England
MP Vaughan,2003-2007,14,14,-,348,79,24.85,71.02,-,3,1,England
JM Vince,2019-2019,3,3,-,40,26,13.33,78.43,-,-,1,England
C White,1996-2003,7,5,1,92,35,23,98.92,-,-,-,England
DJ Willey,2023-2023,6,6,2,78,16*,19.5,116.41,-,-,-,England
RGD Willis,1979-1983,11,4,1,25,24,8.33,56.81,-,-,2,England
CR Woakes,2015-2023,24,23,5,355,51,19.72,89.19,-,1,1,England
B Wood,1975-1975,3,2,-,83,77,41.5,52.86,-,1,-,England
MA Wood,2019-2023,17,11,6,96,43*,19.2,124.67,-,-,3,England
LJ Wright,2011-2011,2,2,1,45,44,45,75,-,-,-,England
MH Yardy,2011-2011,3,3,-,19,13,6.33,57.57,-,-,-,England
Frasat Ali,1975-1975,3,3,-,57,45,19,32.38,-,-,1,East Africa
Harilal Shah,1975-1975,3,3,-,6,6,2,10.71,-,-,2,East Africa
Jawahir Shah,1975-1975,3,3,-,46,37,15.33,40.35,-,-,-,East Africa
H McLeod,1975-1975,2,2,-,5,5,2.5,50,-,-,1,East Africa
Mehmood Quaraishy,1975-1975,3,3,1,41,19,20.5,26.62,-,-,-,East Africa
PS Mehta,1975-1975,1,1,-,12,12,12,29.26,-,-,-,East Africa
J Nagenda,1975-1975,1,-,-,-,-,-,-,-,-,-,East Africa
PG Nana,1975-1975,3,3,2,9,8*,9,20,-,-,1,East Africa
DJ Pringle,1975-1975,2,2,-,5,3,2.5,33.33,-,-,-,East Africa
RK Sethi,1975-1975,3,3,-,54,30,18,29.18,-,-,-,East Africa
S Sumar,1975-1975,1,1,-,4,4,4,36.36,-,-,-,East Africa
S Walusimbi,1975-1975,3,3,-,38,16,12.66,30.15,-,-,-,East Africa
Yunus Badat,1975-1975,2,2,-,1,1,0.5,14.28,-,-,1,East Africa
Zulfiqar Ali,1975-1975,3,3,1,39,30,19.5,51.31,-,-,-,East Africa
A Bagai,2003-2011,15,15,2,343,84,26.38,61.69,-,2,1,Canada
HS Baidwan,2011-2011,6,5,2,54,17,18,68.35,-,-,1,Canada
S Baksh,1979-1979,1,1,-,-,-,-,-,-,-,1,Canada
WD Balaji Rao,2011-2011,6,5,-,22,9,4.4,53.65,-,-,-,Canada
GEF Barnett,2007-2007,3,3,-,88,41,29.33,68.21,-,-,-,Canada
U Bhatti,2007-2007,3,2,-,11,10,5.5,36.66,-,-,-,Canada
IS Billcliff,2003-2007,9,9,-,251,71,27.88,60.77,-,2,-,Canada
RG Callender,1979-1979,2,2,-,-,-,-,-,-,-,2,Canada
CJD Chappell,1979-1979,3,3,-,38,19,12.66,26.57,-,-,-,Canada
DR Chumney,2003-2007,6,6,1,95,28,19,58.64,-,-,-,Canada
A Codrington,2003-2003,5,5,-,28,16,5.6,43.07,-,-,2,Canada
GR Codrington,2007-2007,1,1,1,7,7*,-,87.5,-,-,-,Canada
AC Cummins,2007-2007,3,2,1,10,9*,10,90.9,-,-,-,Canada
JM Davison,2003-2011,14,14,1,340,111,26.15,110.38,1,2,3,Canada
NA de Groot,2003-2003,6,6,-,44,17,7.33,34.64,-,-,3,Canada
FA Dennis,1979-1979,3,3,-,47,25,15.66,27.48,-,-,-,Canada
PA Desai,2011-2011,1,-,-,-,-,-,-,-,-,-,Canada
S Dhaniram,2007-2007,3,3,2,81,34*,81,93.1,-,-,-,Canada
TG Gordon,2011-2011,4,4,-,23,9,5.75,43.39,-,-,-,Canada
R Gunasekera,2011-2011,5,5,-,53,24,10.6,42.74,-,-,-,Canada
AS Hansra,2011-2011,6,6,1,215,70*,43,57.64,-,2,-,Canada
JV Harris,2003-2003,6,6,-,91,31,15.16,44.6,-,-,-,Canada
CC Henry,1979-1979,2,2,1,6,5,6,42.85,-,-,-,Canada
N Ifill,2003-2003,3,2,-,16,9,8,37.2,-,-,-,Canada
D Joseph,2003-2003,4,3,3,13,9*,-,54.16,-,-,-,Canada
Khurram Chohan,2011-2011,4,4,1,39,22,13,59.09,-,-,-,Canada
NR Kumar,2011-2011,3,3,-,10,7,3.33,24.39,-,-,-,Canada
I Maraj,2003-2003,6,6,1,98,53*,19.6,37.12,-,1,2,Canada
CA Marshall,1979-1979,2,2,-,10,8,5,24.39,-,-,-,Canada
BM Mauricette,1979-1979,3,3,-,20,15,6.66,29.41,-,-,1,Canada
AA Mulla,2007-2007,3,3,-,83,58,27.66,82.17,-,1,1,Canada
H Osinde,2007-2011,7,6,2,7,4,1.75,36.84,-,-,2,Canada
A Patel,2003-2003,2,1,-,25,25,25,86.2,-,-,-,Canada
H Patel,2011-2011,2,2,-,85,54,42.5,106.25,-,1,-,Canada
JM Patel,1979-1979,3,3,-,3,2,1,13.04,-,-,1,Canada
Qaiser Ali,2007-2007,1,1,-,6,6,6,37.5,-,-,-,Canada
Rizwan Cheema,2011-2011,6,6,-,76,37,12.66,105.55,-,-,-,Canada
AM Samad,2003-2007,4,4,-,72,36,18,54.13,-,-,-,Canada
KT Sandher,2007-2007,1,1,-,2,2,2,33.33,-,-,-,Canada
AF Sattaur,2003-2003,3,3,-,20,13,6.66,33.33,-,-,1,Canada
GR Sealy,1979-1979,3,3,-,73,45,24.33,48.99,-,-,-,Canada
BB Seebaran,2003-2003,4,3,2,4,4*,4,30.76,-,-,1,Canada
MP Stead,1979-1979,2,2,-,10,10,5,22.22,-,-,1,Canada
ZE Surkari,2011-2011,6,6,-,104,34,17.33,45.02,-,-,-,Canada
Tariq Javed,1979-1979,3,3,-,15,8,5,19.48,-,-,-,Canada
S Thuraisingam,2003-2003,3,3,-,25,13,8.33,64.1,-,-,-,Canada
JN Valentine,1979-1979,3,2,2,3,3*,-,17.64,-,-,-,Canada
JCB Vaughan,1979-1979,3,3,-,30,29,10,54.54,-,-,1,Canada
K Whatham,2011-2011,1,1,-,18,18,18,43.9,-,-,-,Canada
DCC Borden,2007-2007,3,3,-,21,13,7,28.37,-,-,-,Bermuda
LOB Cann,2007-2007,3,3,-,44,28,14.66,110,-,-,1,Bermuda
DL Hemp,2007-2007,3,3,1,90,76*,45,70.86,-,1,1,Bermuda
KAD Hurdle,2007-2007,3,3,1,6,6*,3,54.54,-,-,2,Bermuda
MO Jones,2007-2007,1,1,-,1,1,1,12.5,-,-,-,Bermuda
RDM Leverock,2007-2007,3,2,-,10,9,5,25.64,-,-,-,Bermuda
DA Minors,2007-2007,3,3,-,48,23,16,75,-,-,-,Bermuda
S Mukuddem,2007-2007,2,2,1,-,0*,-,-,-,-,1,Bermuda
SD Outerbridge,2007-2007,2,2,-,9,9,4.5,45,-,-,1,Bermuda
OL Pitcher,2007-2007,3,3,-,28,22,9.33,34.56,-,-,1,Bermuda
IH Romaine,2007-2007,3,3,-,11,11,3.66,34.37,-,-,2,Bermuda
CJ Smith,2007-2007,1,1,-,-,-,-,-,-,-,1,Bermuda
JJ Tucker,2007-2007,3,3,-,13,9,4.33,39.39,-,-,1,Bermuda
Abdur Razzak,2007-2011,15,11,2,44,15,4.88,50,-,-,3,Bangladesh
Aftab Ahmed,2007-2007,9,9,-,128,35,14.22,84.76,-,-,-,Bangladesh
Akram Khan,1999-2003,7,7,-,119,44,17,50.21,-,-,2,Bangladesh
Alok Kapali,2003-2003,6,5,-,80,32,16,63.49,-,-,-,Bangladesh
Al Sahariar,2003-2003,5,5,-,38,14,7.6,55.07,-,-,1,Bangladesh
Aminul Islam,1999-1999,5,5,-,45,15,9,36.88,-,-,1,Bangladesh
Anamul Haque,2015-2015,3,2,-,58,29,29,59.18,-,-,-,Bangladesh
Arafat Sunny,2015-2015,1,1,1,3,3*,-,100,-,-,-,Bangladesh
Ehsanul Haque,2003-2003,4,4,-,28,13,7,38.88,-,-,1,Bangladesh
Enamul Haque,1999-1999,4,4,1,59,19,19.66,57.84,-,-,-,Bangladesh
Faruk Ahmed,1999-1999,2,2,-,16,9,8,40,-,-,-,Bangladesh
Habibul Bashar,2003-2007,11,10,-,105,32,10.5,44.11,-,-,2,Bangladesh
Hannan Sarkar,2003-2003,3,3,-,34,25,11.33,56.66,-,-,1,Bangladesh
Hasan Mahmud,2023-2023,2,1,-,15,15,15,60,-,-,-,Bangladesh
Hasibul Hossain,1999-1999,4,3,-,23,16,7.66,46.93,-,-,-,Bangladesh
Imrul Kayes,2011-2015,9,9,1,197,73*,24.62,63.14,-,2,-,Bangladesh
Javed Omar,2007-2007,3,3,-,55,22,18.33,39,-,-,-,Bangladesh
Junaid Siddique,2011-2011,6,6,-,114,37,19,71.69,-,-,-,Bangladesh
Khaled Mahmud,1999-2003,9,8,-,87,27,10.87,58,-,-,1,Bangladesh
Khaled Mashud,1999-2003,11,10,2,139,35*,17.37,42.12,-,-,1,Bangladesh
Litton Das,2019-2023,14,14,1,468,94*,36,89.82,-,3,1,Bangladesh
Mahedi Hasan,2023-2023,3,3,1,33,17,16.5,45.2,-,-,-,Bangladesh
Mahmudullah,2011-2023,25,22,4,944,128*,52.44,84.81,3,3,-,Bangladesh
Manjural Islam,1999-2003,10,7,5,13,6*,6.5,37.14,-,-,1,Bangladesh
Mashrafe Mortaza,2003-2019,24,18,3,199,37,13.26,81.89,-,-,2,Bangladesh
Mehidy Hasan Miraz,2019-2023,16,14,2,238,57,19.83,83.21,-,1,-,Bangladesh
Mehrab Hossain,1999-1999,5,5,-,120,64,24,44.44,-,1,-,Bangladesh
Minhajul Abedin,1999-1999,4,4,2,140,68*,70,56.22,-,2,-,Bangladesh
Mohammad Ashraful,2003-2011,16,16,4,299,87,24.91,74.75,-,2,1,Bangladesh
Mohammad Mithun,2019-2019,3,3,-,47,26,15.66,83.92,-,-,1,Bangladesh
Mohammad Rafique,1999-2007,17,13,3,113,41*,11.3,59.16,-,-,3,Bangladesh
Mohammad Saifuddin,2019-2019,7,5,2,87,51*,29,120.83,-,1,1,Bangladesh
Mominul Haque,2015-2015,2,2,-,4,3,2,66.66,-,-,-,Bangladesh
Mosaddek Hossain,2019-2019,7,6,-,117,35,19.5,106.36,-,-,-,Bangladesh
Mushfiqur Rahim,2007-2023,38,37,6,1079,102*,34.8,79.39,1,8,2,Bangladesh
Mustafizur Rahman,2019-2023,16,10,3,43,20,6.14,44.79,-,-,2,Bangladesh
Naeem Islam,2011-2011,5,5,-,40,29,8,53.33,-,-,1,Bangladesh
Naimur Rahman,1999-1999,5,5,-,114,45,22.8,55.33,-,-,-,Bangladesh
Nasir Hossain,2015-2015,3,2,-,46,35,23,112.19,-,-,-,Bangladesh
Nasum Ahmed,2023-2023,3,3,-,40,19,13.33,83.33,-,-,-,Bangladesh
Najmul Hossain Shanto,2023-2023,9,9,1,222,90,27.75,76.81,-,2,2,Bangladesh
Neeyamur Rashid,1999-1999,1,1,-,1,1,1,50,-,-,-,Bangladesh
Raqibul Hasan,2011-2011,4,4,1,70,38,23.33,60.34,-,-,1,Bangladesh
Rubel Hossain,2011-2019,14,9,6,20,9,6.66,50,-,-,2,Bangladesh
Sabbir Rahman,2015-2019,8,8,1,218,53,31.14,98.19,-,1,1,Bangladesh
Sanuar Hossain,2003-2003,6,6,1,63,25,12.6,73.25,-,-,-,Bangladesh
Shafiuddin Ahmed,1999-1999,1,1,1,2,2*,-,66.66,-,-,-,Bangladesh
Shafiul Islam,2011-2011,6,5,1,26,24*,6.5,52,-,-,3,Bangladesh
Shahadat Hossain,2007-2007,1,1,1,-,0*,-,-,-,-,-,Bangladesh
Shahriar Hossain,1999-1999,3,3,-,41,39,13.66,60.29,-,-,1,Bangladesh
Shahriar Nafees,2007-2011,8,8,-,73,37,9.12,49.32,-,-,1,Bangladesh
Shakib Al Hasan,2007-2023,36,36,4,1332,124*,41.62,82.27,2,11,1,Bangladesh
Shoriful Islam,2023-2023,8,6,5,28,12,28,100,-,-,-,Bangladesh
Sohrawordi Shuvo,2011-2011,1,-,-,-,-,-,-,-,-,-,Bangladesh
Soumya Sarkar,2015-2019,14,14,-,341,51,24.35,94.19,-,1,-,Bangladesh
Syed Rasel,2007-2007,7,4,-,16,10,4,47.05,-,-,1,Bangladesh
Taijul Islam,2015-2015,1,-,-,-,-,-,-,-,-,-,Bangladesh
Talha Jubair,2003-2003,2,1,1,4,4*,-,50,-,-,-,Bangladesh
Tamim Iqbal,2007-2019,29,29,-,718,95,24.75,73.11,-,4,3,Bangladesh
Tanzid Hasan,2023-2023,9,9,-,145,51,16.11,95.39,-,1,1,Bangladesh
Tanzim Hasan Sakib,2023-2023,1,1,1,5,5*,-,83.33,-,-,-,Bangladesh
Tapash Baisya,2003-2007,5,3,1,7,5,3.5,22.58,-,-,1,Bangladesh
Taskin Ahmed,2015-2023,13,8,2,50,17,8.33,51.54,-,-,1,Bangladesh
Towhid Hridoy,2023-2023,7,6,1,164,74,32.8,78.09,-,1,-,Bangladesh
Tushar Imran,2003-2003,3,2,-,57,48,28.5,54.28,-,-,-,Bangladesh
SA Abbott,2023-2023,1,-,-,-,-,-,-,-,-,-,Australia
GJ Bailey,2015-2015,1,1,-,55,55,55,79.71,-,1,-,Australia
JP Behrendorff,2019-2019,5,3,1,12,11*,6,109.09,-,-,1,Australia
MG Bevan,1996-2003,26,18,6,537,74*,44.75,64.38,-,5,1,Australia
AJ Bichel,2003-2003,8,3,2,117,64,117,83.57,-,1,-,Australia
DC Boon,1987-1992,16,16,1,815,100,54.33,72.96,2,5,-,Australia
AR Border,1979-1992,25,24,-,452,67,18.83,70.62,-,1,2,Australia
NW Bracken,2007-2007,10,-,-,-,-,-,-,-,-,-,Australia
AT Carey,2019-2023,11,10,3,375,85,53.57,103.59,-,3,1,Australia
GS Chappell,1975-1975,5,5,-,129,50,25.8,75.43,-,1,-,Australia
IM Chappell,1975-1975,5,5,-,121,62,24.2,57.07,-,1,-,Australia
TM Chappell,1983-1983,4,4,-,139,110,34.75,77.65,1,-,-,Australia
SR Clark,2007-2007,1,-,-,-,-,-,-,-,-,-,Australia
MJ Clarke,2007-2015,25,21,7,888,93*,63.42,94.16,-,8,-,Australia
GJ Cosier,1979-1979,3,2,-,6,6,3,28.57,-,-,1,Australia
NM Coulter-Nile,2019-2019,5,3,-,98,92,32.66,136.11,-,1,-,Australia
PJ Cummins,2015-2023,23,17,6,186,37,16.9,65.49,-,-,1,Australia
AC Dale,1999-1999,2,1,1,3,3*,-,60,-,-,-,Australia
WM Darling,1979-1979,3,3,-,51,25,17,50,-,-,-,Australia
XJ Doherty,2015-2015,1,1,1,-,0*,-,-,-,-,-,Australia
GC Dyer,1987-1987,8,4,-,50,27,12.5,116.27,-,-,1,Australia
G Dymock,1979-1979,3,2,1,14,10,14,46.66,-,-,-,Australia
R Edwards,1975-1975,5,4,1,166,80*,55.33,79.8,-,2,1,Australia
JP Faulkner,2015-2015,6,4,1,44,21,14.66,176,-,-,1,Australia
AJ Finch,2015-2019,18,18,-,787,153,43.72,98.25,3,4,2,Australia
DW Fleming,1996-1999,16,4,2,12,8*,6,70.58,-,-,2,Australia
AC Gilchrist,1999-2007,31,31,1,1085,149,36.16,98.01,1,8,1,Australia
JN Gillespie,2003-2003,4,1,1,6,6*,-,150,-,-,-,Australia
GJ Gilmour,1975-1975,2,2,1,42,28*,42,107.69,-,-,-,Australia
C Green,2023-2023,3,3,-,63,47,21,75.9,-,-,-,Australia
BJ Haddin,2011-2015,15,11,2,458,88,50.88,91.41,-,4,-,Australia
PSP Handscomb,2019-2019,1,1,-,4,4,4,33.33,-,-,-,Australia
IJ Harvey,2003-2003,6,5,2,66,28*,22,76.74,-,-,-,Australia
ML Hayden,2003-2007,22,21,2,987,158,51.94,92.93,3,2,-,Australia
JR Hazlewood,2015-2023,16,5,3,4,2,2,80,-,-,1,Australia
TM Head,2023-2023,6,6,-,329,137,54.83,127.51,2,1,1,Australia
IA Healy,1992-1996,14,11,2,110,31,12.22,88.7,-,-,1,Australia
AMJ Hilditch,1979-1979,3,3,-,143,72,47.66,53.55,-,1,-,Australia
BJ Hodge,2007-2007,5,2,-,152,123,76,129.91,1,-,-,Australia
TG Hogan,1983-1983,4,4,2,24,11,12,80,-,-,-,Australia
GB Hogg,2003-2007,21,9,4,87,40*,17.4,104.81,-,-,2,Australia
RM Hogg,1979-1983,8,5,4,29,19*,29,67.44,-,-,1,Australia
DW Hookes,1983-1983,6,6,-,133,56,22.16,68.55,-,1,-,Australia
KJ Hughes,1979-1983,8,8,1,218,69,31.14,57.51,-,2,1,Australia
MG Hughes,1992-1992,1,1,1,-,0*,-,-,-,-,-,Australia
AG Hurst,1979-1979,3,2,2,6,3*,-,50,-,-,-,Australia
DJ Hussey,2011-2011,4,2,1,52,38*,52,152.94,-,-,-,Australia
MEK Hussey,2007-2011,15,9,1,156,54,19.5,82.1,-,1,-,Australia
JP Inglis,2023-2023,10,8,-,159,58,19.87,94.64,-,1,1,Australia
MG Johnson,2011-2015,15,8,5,56,27*,18.66,143.58,-,-,2,Australia
DM Jones,1987-1992,16,16,2,590,90,42.14,72.74,-,5,-,Australia
BP Julian,1999-1999,2,1,-,9,9,9,150,-,-,-,Australia
UT Khawaja,2019-2019,9,9,-,316,89,35.11,88.26,-,2,-,Australia
JJ Krejza,2011-2011,7,1,-,7,7,7,36.84,-,-,-,Australia
M Labuschagne,2023-2023,11,10,1,362,71,40.22,70.7,-,3,-,Australia
TJ Laughlin,1979-1979,1,1,-,8,8,8,36.36,-,-,-,Australia
SG Law,1996-1996,7,6,2,204,72,51,85.71,-,1,-,Australia
GF Lawson,1983-1983,4,4,-,24,16,6,68.57,-,-,1,Australia
B Lee,2003-2011,17,4,1,28,15*,9.33,65.11,-,-,-,Australia
S Lee,1996-1999,4,2,-,11,9,5.5,61.11,-,-,-,Australia
DS Lehmann,1999-2003,19,16,5,360,76,32.72,81.08,-,3,1,Australia
DK Lillee,1975-1983,9,3,1,19,16*,9.5,57.57,-,-,1,Australia
NM Lyon,2019-2019,4,3,2,8,5*,8,80,-,-,-,Australia
RB McCosker,1975-1975,5,5,-,120,73,24,45.45,-,1,1,Australia
CJ McDermott,1987-1996,17,11,-,43,14,3.9,74.13,-,-,2,Australia
GD McGrath,1996-2007,39,4,3,3,3*,3,60,-,-,1,Australia
KH MacLeay,1983-1983,4,4,-,19,9,4.75,67.85,-,-,-,Australia
JP Maher,2003-2003,2,2,-,35,26,17.5,58.33,-,-,-,Australia
AA Mallett,1975-1975,3,1,-,-,-,-,-,-,-,1,Australia
GR Marsh,1987-1992,13,13,1,579,126*,48.25,58.66,2,2,-,Australia
MR Marsh,2015-2023,13,13,1,472,177*,39.33,107.02,2,1,3,Australia
RW Marsh,1975-1983,11,11,4,220,52*,31.42,85.93,-,2,1,Australia
SE Marsh,2019-2019,2,2,-,26,23,13,74.28,-,-,-,Australia
DR Martyn,1999-2003,12,10,3,352,88*,50.28,80,-,4,2,Australia
GJ Maxwell,2015-2023,27,25,6,901,201*,47.42,160.32,3,2,2,Australia
TBA May,1987-1987,6,3,1,16,15,8,123.07,-,-,-,Australia
TM Moody,1987-1999,18,16,5,329,57,29.9,73.27,-,3,1,Australia
JK Moss,1979-1979,1,1,-,7,7,7,43.75,-,-,-,Australia
SP O'Donnell,1987-1987,7,4,-,15,7,3.75,45.45,-,-,1,Australia
RT Ponting,1996-2011,46,42,4,1743,140*,45.86,79.95,5,6,1,Australia
GD Porter,1979-1979,2,1,-,3,3,3,33.33,-,-,-,Australia
BA Reid,1987-1992,14,5,2,10,5*,3.33,24.39,-,-,-,Australia
PR Reiffel,1996-1999,11,6,3,28,13*,9.33,66.66,-,-,1,Australia
KW Richardson,2019-2019,2,1,1,1,1*,-,100,-,-,-,Australia
SPD Smith,2011-2023,34,30,3,1136,105,42.07,87.11,1,10,1,Australia
MA Starc,2015-2023,28,19,4,155,29,10.33,67.39,-,-,4,Australia
MP Stoinis,2019-2023,14,12,2,174,35,17.4,91.57,-,-,2,Australia
A Symonds,2003-2007,18,13,8,515,143*,103,93.29,1,3,1,Australia
SW Tait,2007-2011,18,1,1,-,0*,-,-,-,-,-,Australia
MA Taylor,1992-1996,9,9,-,206,74,22.88,62.42,-,2,1,Australia
PL Taylor,1987-1992,9,7,3,34,17*,8.5,100,-,-,1,Australia
JR Thomson,1975-1983,8,5,2,51,21,17,102,-,-,1,Australia
A Turner,1975-1975,5,5,-,201,101,40.2,77.6,1,-,-,Australia
MRJ Veletta,1987-1987,4,4,1,136,48,45.33,112.39,-,-,1,Australia
MHN Walker,1975-1975,5,3,-,33,18,11,55.93,-,-,-,Australia
KD Walters,1975-1975,5,5,1,123,59,30.75,64.39,-,1,-,Australia
SK Warne,1996-1999,17,9,3,66,24,11,91.66,-,-,1,Australia
DA Warner,2015-2023,29,29,2,1527,178,56.55,101.46,6,5,-,Australia
SR Watson,2007-2015,22,19,7,643,94,53.58,108.06,-,6,1,Australia
ME Waugh,1992-1999,22,22,3,1004,130,52.84,83.73,4,4,2,Australia
SR Waugh,1987-1999,33,30,10,978,120*,48.9,81.02,1,6,-,Australia
KC Wessels,1983-1983,3,3,-,92,76,30.66,54.76,-,1,-,Australia
CL White,2011-2011,7,6,2,70,22*,17.5,61.94,-,-,-,Australia
MR Whitney,1992-1992,7,3,2,22,9*,22,43.13,-,-,-,Australia
GM Wood,1983-1983,5,5,1,144,73,36,56.25,-,1,-,Australia
KJ Wright,1979-1979,3,2,-,29,23,14.5,55.76,-,-,-,Australia
GN Yallop,1979-1983,9,9,3,247,66*,41.16,67.48,-,2,-,Australia
A Zampa,2019-2023,15,8,4,49,29,12.25,77.77,-,-,1,Australia
AK Zesers,1987-1987,2,2,2,10,8*,-,71.42,-,-,-,Australia
Afsar Zazai,2015-2015,6,6,-,36,19,6,36.36,-,-,2,Afghanistan
Aftab Alam,2015-2019,4,4,1,28,14,9.33,116.66,-,-,1,Afghanistan
Asghar Afghan,2015-2019,11,11,-,226,54,20.54,83.08,-,1,1,Afghanistan
Azmatullah Omarzai,2023-2023,9,8,3,353,97*,70.6,97.78,-,3,-,Afghanistan
Dawlat Zadran,2015-2019,10,9,1,25,9,3.12,34.24,-,-,2,Afghanistan
Fazalhaq Farooqi,2023-2023,6,3,2,2,2*,2,22.22,-,-,1,Afghanistan
Gulbadin Naib,2015-2019,10,10,-,194,47,19.4,79.5,-,-,1,Afghanistan
Hamid Hassan,2015-2019,11,11,4,53,16,7.57,48.18,-,-,3,Afghanistan
Hashmatullah Shahidi,2019-2023,17,17,3,507,80,36.21,65.58,-,5,1,Afghanistan
Hazratullah Zazai,2019-2019,5,5,-,96,34,19.2,94.11,-,-,1,Afghanistan
Ibrahim Zadran,2023-2023,9,9,1,376,129*,47,76.26,1,1,-,Afghanistan
Ikram Alikhil,2019-2023,14,10,3,231,86,33,66.57,-,2,-,Afghanistan
Javed Ahmadi,2015-2015,6,6,-,97,51,16.16,79.5,-,1,-,Afghanistan
Mirwais Ashraf,2015-2015,2,2,-,38,28,19,80.85,-,-,-,Afghanistan
Mohammad Nabi,2015-2023,24,21,-,252,52,12,70.39,-,1,1,Afghanistan
Mohammad Shahzad,2019-2019,2,2,-,7,7,3.5,46.66,-,-,1,Afghanistan
Mujeeb Ur Rahman,2019-2023,16,11,4,79,28,11.28,114.49,-,-,2,Afghanistan
Najibullah Zadran,2015-2023,16,16,1,360,56,24,82.56,-,2,-,Afghanistan
Nasir Jamal,2015-2015,1,1,-,17,17,17,32.69,-,-,-,Afghanistan
Naveen-ul-Haq,2023-2023,8,5,1,16,9*,4,64,-,-,2,Afghanistan
Nawroz Mangal,2015-2015,6,6,-,108,33,18,51.67,-,-,-,Afghanistan
Noor Ahmad,2023-2023,4,1,-,26,26,26,81.25,-,-,-,Afghanistan
Noor Ali Zadran,2019-2019,3,3,-,63,32,21,61.16,-,-,1,Afghanistan
Rahmanullah Gurbaz,2023-2023,9,9,-,280,80,31.11,98.93,-,2,1,Afghanistan
Rahmat Shah,2019-2023,18,18,1,574,77*,33.76,70.95,-,4,1,Afghanistan
Rashid Khan,2019-2023,18,15,1,210,35*,15,97.67,-,-,1,Afghanistan
Samiullah Shinwari,2015-2019,9,9,2,328,96,46.85,61.19,-,2,-,Afghanistan
Sayed Shirzad,2019-2019,1,1,-,25,25,25,147.05,-,-,-,Afghanistan
Shafiqullah,2015-2015,1,1,-,30,30,30,46.87,-,-,-,Afghanistan
Shapoor Zadran,2015-2015,6,5,5,17,12*,-,80.95,-,-,-,Afghanistan
Usman Ghani,2015-2015,2,2,-,12,12,6,54.54,-,-,1,Afghanistan
